-- MySQL dump 10.13  Distrib 5.5.31, for debian-linux-gnu (x86_64)
--
-- Host: localhost    Database: give_us_time
-- ------------------------------------------------------
-- Server version	5.5.31-0ubuntu0.12.04.2-log

/*!40101 SET @OLD_CHARACTER_SET_CLIENT=@@CHARACTER_SET_CLIENT */;
/*!40101 SET @OLD_CHARACTER_SET_RESULTS=@@CHARACTER_SET_RESULTS */;
/*!40101 SET @OLD_COLLATION_CONNECTION=@@COLLATION_CONNECTION */;
/*!40101 SET NAMES utf8 */;
/*!40103 SET @OLD_TIME_ZONE=@@TIME_ZONE */;
/*!40103 SET TIME_ZONE='+00:00' */;
/*!40014 SET @OLD_UNIQUE_CHECKS=@@UNIQUE_CHECKS, UNIQUE_CHECKS=0 */;
/*!40014 SET @OLD_FOREIGN_KEY_CHECKS=@@FOREIGN_KEY_CHECKS, FOREIGN_KEY_CHECKS=0 */;
/*!40101 SET @OLD_SQL_MODE=@@SQL_MODE, SQL_MODE='NO_AUTO_VALUE_ON_ZERO' */;
/*!40111 SET @OLD_SQL_NOTES=@@SQL_NOTES, SQL_NOTES=0 */;

--
-- Table structure for table `area`
--

DROP TABLE IF EXISTS `area`;
/*!40101 SET @saved_cs_client     = @@character_set_client */;
/*!40101 SET character_set_client = utf8 */;
CREATE TABLE `area` (
  `id` int(11) unsigned NOT NULL AUTO_INCREMENT,
  `page_id` int(11) unsigned NOT NULL,
  `name` varchar(140) COLLATE utf8_unicode_ci NOT NULL,
  PRIMARY KEY (`id`)
) ENGINE=InnoDB AUTO_INCREMENT=38 DEFAULT CHARSET=utf8 COLLATE=utf8_unicode_ci;
/*!40101 SET character_set_client = @saved_cs_client */;

--
-- Dumping data for table `area`
--

LOCK TABLES `area` WRITE;
/*!40000 ALTER TABLE `area` DISABLE KEYS */;
INSERT INTO `area` VALUES (1,82,'home nugget area'),(2,79,'nugget area'),(3,78,'nugget area'),(4,95,'nugget area'),(5,94,'nugget area'),(6,92,'nugget area'),(7,91,'nugget area'),(8,90,'nugget area'),(9,97,'nugget area'),(10,98,'nugget area'),(11,90,'nugget 1'),(12,90,'nugget 2'),(13,90,'nugget 3'),(14,91,'nugget 1'),(15,91,'nugget 2'),(16,91,'nugget 3'),(17,94,'nugget 1'),(18,94,'nugget 2'),(19,94,'nugget 3'),(20,95,'nugget 1'),(21,95,'nugget 2'),(22,95,'nugget 3'),(23,100,'nugget 1'),(24,100,'nugget 2'),(25,100,'nugget 3'),(26,97,'nugget 1'),(27,97,'nugget 2'),(28,97,'nugget 3'),(29,101,'nugget 1'),(30,101,'nugget 2'),(31,101,'nugget 3'),(32,100,'nugget area'),(33,101,'nugget area'),(34,82,'nugget area'),(35,102,'nugget area'),(36,96,'nugget area'),(37,104,'nugget area');
/*!40000 ALTER TABLE `area` ENABLE KEYS */;
UNLOCK TABLES;

--
-- Table structure for table `area_block`
--

DROP TABLE IF EXISTS `area_block`;
/*!40101 SET @saved_cs_client     = @@character_set_client */;
/*!40101 SET character_set_client = utf8 */;
CREATE TABLE `area_block` (
  `area_id` int(11) unsigned NOT NULL,
  `block_id` int(11) unsigned NOT NULL,
  KEY `area_id` (`area_id`) USING BTREE,
  KEY `block_id` (`block_id`) USING BTREE,
  CONSTRAINT `area` FOREIGN KEY (`area_id`) REFERENCES `area` (`id`) ON DELETE CASCADE ON UPDATE CASCADE,
  CONSTRAINT `block` FOREIGN KEY (`block_id`) REFERENCES `block` (`id`) ON DELETE CASCADE ON UPDATE CASCADE
) ENGINE=InnoDB DEFAULT CHARSET=latin1;
/*!40101 SET character_set_client = @saved_cs_client */;

--
-- Dumping data for table `area_block`
--

LOCK TABLES `area_block` WRITE;
/*!40000 ALTER TABLE `area_block` DISABLE KEYS */;
INSERT INTO `area_block` VALUES (1,41);
/*!40000 ALTER TABLE `area_block` ENABLE KEYS */;
UNLOCK TABLES;

--
-- Table structure for table `block`
--

DROP TABLE IF EXISTS `block`;
/*!40101 SET @saved_cs_client     = @@character_set_client */;
/*!40101 SET character_set_client = utf8 */;
CREATE TABLE `block` (
  `id` int(10) unsigned NOT NULL AUTO_INCREMENT,
  `name` varchar(140) COLLATE utf8_unicode_ci NOT NULL,
  `scope` enum('site','section','page') COLLATE utf8_unicode_ci NOT NULL DEFAULT 'page',
  `page_id` int(11) unsigned DEFAULT NULL,
  `date_created` datetime NOT NULL,
  `date_updated` datetime DEFAULT NULL,
  `date_active` datetime DEFAULT NULL,
  `date_deleted` datetime DEFAULT NULL,
  PRIMARY KEY (`id`),
  KEY `page_id` (`page_id`) USING BTREE,
  KEY `name` (`name`),
  CONSTRAINT `block_page` FOREIGN KEY (`page_id`) REFERENCES `page` (`id`) ON DELETE SET NULL ON UPDATE CASCADE
) ENGINE=InnoDB AUTO_INCREMENT=82 DEFAULT CHARSET=utf8 COLLATE=utf8_unicode_ci;
/*!40101 SET character_set_client = @saved_cs_client */;

--
-- Dumping data for table `block`
--

LOCK TABLES `block` WRITE;
/*!40000 ALTER TABLE `block` DISABLE KEYS */;
INSERT INTO `block` VALUES (1,'test text','page',82,'2013-09-17 12:43:44',NULL,NULL,NULL),(2,'test text block','page',82,'2013-09-17 12:43:44',NULL,NULL,NULL),(3,'test heading','page',82,'2013-09-17 12:43:44',NULL,NULL,NULL),(4,'test text block 2','page',82,'2013-09-17 12:43:44',NULL,NULL,NULL),(5,'test image block','page',82,'2013-09-17 12:43:44',NULL,NULL,NULL),(7,'page text','page',NULL,'2013-09-17 12:44:11',NULL,NULL,NULL),(12,'blog item 1','section',NULL,'2013-09-17 16:17:21',NULL,NULL,NULL),(13,'blog item 2','section',NULL,'2013-09-17 16:28:07',NULL,NULL,NULL),(14,'blog item 3','section',NULL,'2013-09-17 16:33:01',NULL,NULL,NULL),(15,'page text','page',NULL,'2013-09-25 10:18:49',NULL,NULL,NULL),(38,'home-carousel item 1','page',82,'2013-09-25 16:24:37',NULL,NULL,NULL),(39,'home-carousel item 2','page',82,'2013-09-25 16:24:37',NULL,NULL,NULL),(40,'home-carousel item 3','page',82,'2013-09-25 16:24:37',NULL,NULL,NULL),(41,'test nugget block','page',82,'2013-09-26 12:04:31',NULL,NULL,NULL),(42,'nugget-support','page',82,'2013-10-01 12:10:54',NULL,NULL,NULL),(43,'main content area','page',NULL,'2013-10-01 12:23:21',NULL,NULL,NULL),(44,'nugget-2col','page',82,'2013-10-01 13:16:35',NULL,NULL,NULL),(45,'message-from-liam-image','page',82,'2013-10-01 13:16:35',NULL,NULL,NULL),(46,'message-from-liam-heading','page',82,'2013-10-01 13:16:35',NULL,NULL,NULL),(47,'message-from-liam-text','page',82,'2013-10-01 13:16:35',NULL,NULL,NULL),(48,'message-from-liam-more-link','page',82,'2013-10-01 13:16:35',NULL,NULL,NULL),(49,'main content area','page',NULL,'2013-10-01 13:29:57',NULL,NULL,NULL),(50,'holidays-carousel item','section',NULL,'2013-10-01 14:03:41',NULL,NULL,NULL),(51,'holidays-carousel item','section',NULL,'2013-10-01 14:04:51',NULL,NULL,NULL),(52,'video-thumbnail','page',82,'2013-10-01 14:37:04',NULL,NULL,NULL),(53,'main content area','page',95,'2013-10-02 16:22:02',NULL,NULL,NULL),(54,'main content area','page',94,'2013-10-02 16:22:04',NULL,NULL,NULL),(55,'main content area','page',92,'2013-10-02 16:22:06',NULL,NULL,NULL),(56,'main content area','page',91,'2013-10-02 16:22:07',NULL,NULL,NULL),(57,'main content area','page',NULL,'2013-10-02 16:40:33',NULL,NULL,NULL),(58,'blog item','section',NULL,'2013-10-03 17:29:30',NULL,NULL,NULL),(63,'properties item','section',NULL,'2013-10-16 15:06:16',NULL,NULL,NULL),(64,'holidays item','section',NULL,'2013-10-16 15:06:54',NULL,NULL,NULL),(65,'properties item','section',NULL,'2013-10-16 16:02:47',NULL,NULL,NULL),(66,'holidays item','section',NULL,'2013-10-16 16:07:01',NULL,NULL,NULL),(67,'properties item','section',NULL,'2013-10-16 16:22:09',NULL,NULL,NULL),(68,'properties item','section',NULL,'2013-10-16 16:25:12',NULL,NULL,NULL),(69,'holidays item','section',NULL,'2013-10-16 16:28:32',NULL,NULL,NULL),(70,'holidays item','section',NULL,'2013-10-16 16:30:56',NULL,NULL,NULL),(71,'properties item','section',NULL,'2013-10-16 20:41:11',NULL,NULL,NULL),(72,'holidays item','section',NULL,'2013-10-16 20:44:42',NULL,NULL,NULL),(73,'news item','section',NULL,'2013-10-17 09:10:51',NULL,NULL,NULL),(74,'news item','section',NULL,'2013-10-17 10:14:31',NULL,NULL,NULL),(75,'main content area','page',97,'2013-10-17 12:51:11',NULL,NULL,NULL),(76,'main content area','page',98,'2013-10-17 12:56:55',NULL,NULL,NULL),(77,'main content area','page',NULL,'2013-10-17 16:41:08',NULL,NULL,NULL),(78,'main content area','page',NULL,'2013-10-17 16:58:50',NULL,NULL,NULL),(79,'main content area','page',102,'2013-10-17 17:57:18',NULL,NULL,NULL),(80,'holidays item','section',NULL,'2013-10-18 08:37:07',NULL,NULL,NULL),(81,'main content area','page',104,'2013-10-18 10:49:56',NULL,NULL,NULL);
/*!40000 ALTER TABLE `block` ENABLE KEYS */;
UNLOCK TABLES;

--
-- Table structure for table `content`
--

DROP TABLE IF EXISTS `content`;
/*!40101 SET @saved_cs_client     = @@character_set_client */;
/*!40101 SET character_set_client = utf8 */;
CREATE TABLE `content` (
  `id` int(11) NOT NULL AUTO_INCREMENT,
  `name` varchar(128) COLLATE utf8_unicode_ci NOT NULL,
  `block_id` int(10) unsigned NOT NULL,
  `type_id` int(11) DEFAULT NULL,
  `string_value` text COLLATE utf8_unicode_ci,
  `date_value` datetime DEFAULT NULL,
  `boolean_value` tinyint(1) DEFAULT NULL,
  `file_value` text COLLATE utf8_unicode_ci,
  `date_created` datetime DEFAULT NULL,
  `date_updated` datetime DEFAULT NULL,
  `date_active` datetime DEFAULT NULL,
  `date_deleted` datetime DEFAULT NULL,
  PRIMARY KEY (`id`),
  KEY `block_id` (`block_id`) USING BTREE,
  KEY `type_id` (`type_id`) USING BTREE,
  CONSTRAINT `type` FOREIGN KEY (`type_id`) REFERENCES `content_type` (`id`) ON DELETE CASCADE ON UPDATE CASCADE
) ENGINE=InnoDB AUTO_INCREMENT=416 DEFAULT CHARSET=utf8 COLLATE=utf8_unicode_ci;
/*!40101 SET character_set_client = @saved_cs_client */;

--
-- Dumping data for table `content`
--

LOCK TABLES `content` WRITE;
/*!40000 ALTER TABLE `content` DISABLE KEYS */;
INSERT INTO `content` VALUES (1,'text',1,1,'Main Heading',NULL,NULL,NULL,'2013-09-17 12:43:44','2013-09-25 16:56:22',NULL,NULL),(2,'text',2,2,'<b>Lorem ipsum</b> dolor sit amet, consectetur adipiscing elit. Cras nec lacinia urna. Etiam convallis diam eu neque placerat aliquam. Proin volutpat erat sed leo dignissim, sit amet eleifend nulla congue. Proin elementum, est sit amet fringilla tincidunt, odio nisi molestie nulla, id lobortis neque nisi sed est. Etiam sagittis nisl quam, a suscipit augue varius id. Curabitur a nisl laoreet, ultrices justo et, iaculis sapien. Aenean placerat magna sit amet purus lobortis feugiat. Nunc sapien nunc, porta sit amet porttitor eu, congue sit amet lacus. Aliquam ultrices placerat turpis quis sodales. Pellentesque eu congue est.',NULL,NULL,NULL,'2013-09-17 12:43:44','2013-09-17 19:47:01',NULL,NULL),(3,'text',3,1,'Sub Heading',NULL,NULL,NULL,'2013-09-17 12:43:44','2013-09-19 22:17:51',NULL,NULL),(4,'text',4,6,'Duis placerat, justo a facilisis rhoncus, orci diam scelerisque elit, ut euismod magna ante ut odio. Integer semper mauris vitae nisi tempus, nec iaculis magna congue. Cras porttitor tristique vulputate. Donec rhoncus lobortis lorem sit amet malesuada. Ut in auctor justo. Aliquam sed tincidunt massa. Maecenas vel neque consectetur, porta ante nec, auctor nibh. Vestibulum iaculis convallis velit, sed elementum sapien euismod ac. Mauris fringilla non elit vitae semper.',NULL,NULL,NULL,'2013-09-17 12:43:44','2013-09-17 13:11:52',NULL,NULL),(5,'image',5,3,NULL,NULL,NULL,'/assets/source/carbon sync dashboard v2.jpg','2013-09-17 12:43:44','2013-09-27 11:29:37',NULL,NULL),(6,'alt',5,1,'Test Img',NULL,NULL,NULL,'2013-09-17 12:43:44','2013-09-27 11:29:37',NULL,NULL),(7,'title',5,1,'This is a test image block.',NULL,NULL,NULL,'2013-09-17 12:43:44','2013-09-27 11:29:37',NULL,NULL),(17,'text',7,1,NULL,NULL,NULL,NULL,'2013-09-17 12:44:11',NULL,NULL,NULL),(18,'title',12,1,'Aenean Volutpat...',NULL,NULL,NULL,'2013-09-17 16:17:21','2013-09-26 15:30:00',NULL,NULL),(19,'text',12,2,'Aenean volutpat tempor sodales. Nam vestibulum, lectus ut pellentesque sagittis, quam erat tincidunt ligula, vel tristique augue dolor sed nulla. Aenean eget ultrices turpis. Pellentesque sit amet ante egestas, pharetra ipsum ac, commodo nulla. Nullam tortor dolor, porttitor nec porta ut, sodales ac magna. Mauris blandit in sem vitae placerat. Curabitur eget tincidunt enim. Donec at pretium eros. Integer sagittis magna ac tempus ultrices. Suspendisse potenti. Morbi ac enim vel ligula tempus accumsan in dignissim libero. Nam vulputate hendrerit lacus vitae luctus.',NULL,NULL,NULL,'2013-09-17 16:17:21','2013-09-26 15:30:00',NULL,NULL),(20,'image',12,3,NULL,NULL,NULL,'0','2013-09-17 16:17:21','2013-09-26 15:30:00',NULL,NULL),(21,'image_alt',12,1,'',NULL,NULL,NULL,'2013-09-17 16:17:21','2013-09-26 15:30:00',NULL,NULL),(22,'image_title',12,1,'',NULL,NULL,NULL,'2013-09-17 16:17:21','2013-09-26 15:30:00',NULL,NULL),(23,'link_text',12,1,'Read More...',NULL,NULL,NULL,'2013-09-17 16:17:21','2013-09-26 15:30:00',NULL,NULL),(24,'author',12,1,'Matt Biddle',NULL,NULL,NULL,'2013-09-17 16:17:21','2013-09-26 15:30:00',NULL,NULL),(25,'date_published',12,4,NULL,'2013-09-18 11:43:00',NULL,NULL,'2013-09-17 16:17:21','2013-09-26 15:30:00',NULL,NULL),(26,'title',13,1,'Blog item 2',NULL,NULL,NULL,'2013-09-17 16:28:07',NULL,NULL,NULL),(27,'text',13,2,'Nunc condimentum dictum libero ut congue. Maecenas mi nisi, ullamcorper vel mauris eget, vestibulum rhoncus turpis. In rhoncus id mi rhoncus blandit. Curabitur magna dolor, cursus lobortis lacus eget, fermentum rhoncus est. Etiam tincidunt turpis placerat metus mattis, in dapibus ligula mollis. Fusce dignissim porta enim eget sagittis. Nullam cursus nec odio quis porttitor. Morbi id ipsum scelerisque, fermentum nulla nec, vulputate felis. Suspendisse bibendum et sapien ut mattis. Maecenas mollis ligula eget mi sagittis tempus. Mauris auctor eu nisi id adipiscing. Phasellus dignissim est arcu, mattis imperdiet velit rutrum at. Nunc felis augue, hendrerit eu mattis ut, facilisis vitae elit. Nam fermentum velit ac augue feugiat, a mollis purus cursus.',NULL,NULL,NULL,'2013-09-17 16:28:07',NULL,NULL,NULL),(28,'image',13,3,NULL,NULL,NULL,NULL,'2013-09-17 16:28:07',NULL,NULL,NULL),(29,'image_alt',13,1,NULL,NULL,NULL,NULL,'2013-09-17 16:28:07',NULL,NULL,NULL),(30,'image_title',13,1,NULL,NULL,NULL,NULL,'2013-09-17 16:28:07',NULL,NULL,NULL),(31,'link_text',13,1,'Read More...',NULL,NULL,NULL,'2013-09-17 16:28:07',NULL,NULL,NULL),(32,'author',13,1,'Matt Biddle',NULL,NULL,NULL,'2013-09-17 16:28:07',NULL,NULL,NULL),(33,'date_published',13,4,NULL,'2013-09-18 11:43:00',NULL,NULL,'2013-09-17 16:28:07',NULL,NULL,NULL),(34,'title',14,1,'Blog item 3',NULL,NULL,NULL,'2013-09-17 16:33:01',NULL,NULL,NULL),(35,'text',14,2,'Donec a vulputate lacus. Cras pretium fringilla mi at scelerisque. Class aptent taciti sociosqu ad litora torquent per conubia nostra, per inceptos himenaeos. Phasellus sem est, tristique eu facilisis sit amet, cursus et est. Maecenas venenatis, tellus placerat semper sagittis, mauris odio facilisis odio, commodo bibendum metus risus sit amet mi. Phasellus placerat dolor vitae lectus elementum luctus. Sed felis metus, vehicula in felis id, fringilla semper turpis. Morbi ut libero dictum, aliquet lectus aliquet, dictum est. Pellentesque enim elit, vehicula eget volutpat vel, vehicula et est. Vestibulum in eros orci. Curabitur ligula odio, dignissim ut accumsan et, ullamcorper eu enim. Vivamus ac lectus nulla. Nullam et egestas quam, at pharetra erat. Aenean faucibus congue scelerisque.',NULL,NULL,NULL,'2013-09-17 16:33:01',NULL,NULL,NULL),(36,'image',14,3,NULL,NULL,NULL,NULL,'2013-09-17 16:33:01',NULL,NULL,NULL),(37,'image_alt',14,1,NULL,NULL,NULL,NULL,'2013-09-17 16:33:01',NULL,NULL,NULL),(38,'image_title',14,1,NULL,NULL,NULL,NULL,'2013-09-17 16:33:01',NULL,NULL,NULL),(39,'link_text',14,1,'Read More...',NULL,NULL,NULL,'2013-09-17 16:33:01',NULL,NULL,NULL),(40,'author',14,1,'Matt Biddle',NULL,NULL,NULL,'2013-09-17 16:33:01',NULL,NULL,NULL),(41,'date_published',14,4,NULL,'2013-09-18 11:43:00',NULL,NULL,'2013-09-17 16:33:01',NULL,NULL,NULL),(42,'text',15,1,NULL,NULL,NULL,NULL,'2013-09-25 10:18:49',NULL,NULL,NULL),(86,'title',38,1,'Hmmd',NULL,NULL,NULL,'2013-09-25 16:24:37','2013-09-30 14:11:40',NULL,NULL),(87,'text',38,6,'',NULL,NULL,NULL,'2013-09-25 16:24:37','2013-09-30 14:11:40',NULL,NULL),(88,'image_src',38,3,NULL,NULL,NULL,'','2013-09-25 16:24:37','2013-09-30 14:11:40',NULL,NULL),(89,'image_alt',38,1,'',NULL,NULL,NULL,'2013-09-25 16:24:37','2013-09-30 14:11:40',NULL,NULL),(90,'link_href',38,1,'',NULL,NULL,NULL,'2013-09-25 16:24:37','2013-09-30 14:11:40',NULL,NULL),(91,'link_text',38,1,'',NULL,NULL,NULL,'2013-09-25 16:24:37','2013-09-30 14:11:40',NULL,NULL),(92,'link_title',38,1,'',NULL,NULL,NULL,'2013-09-25 16:24:37','2013-09-30 14:11:40',NULL,NULL),(93,'title',39,1,'',NULL,NULL,NULL,'2013-09-25 16:24:37',NULL,NULL,NULL),(94,'text',39,6,'',NULL,NULL,NULL,'2013-09-25 16:24:37',NULL,NULL,NULL),(95,'image_src',39,3,NULL,NULL,NULL,'','2013-09-25 16:24:37',NULL,NULL,NULL),(96,'image_alt',39,1,'',NULL,NULL,NULL,'2013-09-25 16:24:37',NULL,NULL,NULL),(97,'link_href',39,1,'',NULL,NULL,NULL,'2013-09-25 16:24:37',NULL,NULL,NULL),(98,'link_text',39,1,'',NULL,NULL,NULL,'2013-09-25 16:24:37',NULL,NULL,NULL),(99,'link_title',39,1,'',NULL,NULL,NULL,'2013-09-25 16:24:37',NULL,NULL,NULL),(100,'title',40,1,'',NULL,NULL,NULL,'2013-09-25 16:24:37',NULL,NULL,NULL),(101,'text',40,6,'',NULL,NULL,NULL,'2013-09-25 16:24:37',NULL,NULL,NULL),(102,'image_src',40,3,NULL,NULL,NULL,'','2013-09-25 16:24:37',NULL,NULL,NULL),(103,'image_alt',40,1,'',NULL,NULL,NULL,'2013-09-25 16:24:37',NULL,NULL,NULL),(104,'link_href',40,1,'',NULL,NULL,NULL,'2013-09-25 16:24:37',NULL,NULL,NULL),(105,'link_text',40,1,'',NULL,NULL,NULL,'2013-09-25 16:24:37',NULL,NULL,NULL),(106,'link_title',40,1,'',NULL,NULL,NULL,'2013-09-25 16:24:37',NULL,NULL,NULL),(107,'title',41,1,'',NULL,NULL,NULL,'2013-09-26 12:04:31','2013-09-27 11:31:05',NULL,NULL),(108,'title_is_link',41,5,NULL,NULL,1,NULL,'2013-09-26 12:04:31','2013-09-27 11:31:05',NULL,NULL),(109,'text',41,6,'Vestibulum lacinia eu risus eget facilisis. Duis ultrices, urna et tempus rhoncus, eros mi pretium odio, ac bibendum neque mauris sit amet justo. Nam congue augue risus, non vulputate leo placerat sit amet. Mauris erat libero, sodales sit amet sem quis, sollicitudin imperdiet enim. Suspendisse vel mi ut nisl semper iaculis. Etiam eu sagittis turpis. In tincidunt ipsum id dui dictum sollicitudin. Mauris accumsan non risus in facilisis. Nunc eget sollicitudin dolor.',NULL,NULL,NULL,'2013-09-26 12:04:31','2013-09-27 11:31:05',NULL,NULL),(110,'href',41,1,'#',NULL,NULL,NULL,'2013-09-26 12:04:31','2013-09-27 11:31:05',NULL,NULL),(111,'target',41,5,NULL,NULL,0,NULL,'2013-09-26 12:04:31','2013-09-27 11:31:06',NULL,NULL),(112,'link_in_body',41,5,NULL,NULL,1,NULL,'2013-09-26 12:04:31','2013-09-27 11:31:06',NULL,NULL),(113,'link_title',41,1,'Link Tool Tip',NULL,NULL,NULL,'2013-09-26 12:04:31','2013-09-27 11:31:06',NULL,NULL),(114,'link_text',41,1,'A Link',NULL,NULL,NULL,'2013-09-26 12:04:31','2013-09-27 11:31:06',NULL,NULL),(115,'image_src',41,3,NULL,NULL,NULL,'/assets/source/3.jpg','2013-09-26 12:04:31','2013-09-27 11:31:06',NULL,NULL),(116,'image_alt',41,1,'a test image',NULL,NULL,NULL,'2013-09-26 12:04:31','2013-09-27 11:31:06',NULL,NULL),(117,'image_title',41,1,'Image Tool Tip',NULL,NULL,NULL,'2013-09-26 12:04:31','2013-09-27 11:31:06',NULL,NULL),(118,'title',42,1,'Support Us',NULL,NULL,NULL,'2013-10-01 12:10:54','2013-10-17 19:26:59',NULL,NULL),(119,'title_is_link',42,5,NULL,NULL,0,NULL,'2013-10-01 12:10:54','2013-10-17 19:26:59',NULL,NULL),(120,'text',42,6,'We are very pleased that you would like to support Give Us Time. please click below to visit our Just Giving Page.',NULL,NULL,NULL,'2013-10-01 12:10:54','2013-10-17 19:26:59',NULL,NULL),(121,'href',42,1,'/donate/',NULL,NULL,NULL,'2013-10-01 12:10:54','2013-10-17 19:26:59',NULL,NULL),(122,'target',42,5,NULL,NULL,0,NULL,'2013-10-01 12:10:54','2013-10-17 19:26:59',NULL,NULL),(123,'link_in_body',42,5,NULL,NULL,1,NULL,'2013-10-01 12:10:54','2013-10-17 19:26:59',NULL,NULL),(124,'link_title',42,1,'Donate money',NULL,NULL,NULL,'2013-10-01 12:10:54','2013-10-17 19:26:59',NULL,NULL),(125,'link_text',42,1,'Donate money',NULL,NULL,NULL,'2013-10-01 12:10:54','2013-10-17 19:26:59',NULL,NULL),(126,'image_src',42,3,NULL,NULL,NULL,'/assets/source/loading-gif.gif','2013-10-01 12:10:54','2013-10-17 19:26:59',NULL,NULL),(127,'image_alt',42,1,'',NULL,NULL,NULL,'2013-10-01 12:10:54','2013-10-17 19:26:59',NULL,NULL),(128,'image_title',42,1,'',NULL,NULL,NULL,'2013-10-01 12:10:54','2013-10-17 19:26:59',NULL,NULL),(129,'text',43,2,'',NULL,NULL,NULL,'2013-10-01 12:23:21','2013-10-01 12:24:01',NULL,NULL),(130,'title',44,1,'Welcome to Give Us Time',NULL,NULL,NULL,'2013-10-01 13:16:35','2013-10-17 19:42:49',NULL,NULL),(131,'title_is_link',44,5,NULL,NULL,0,NULL,'2013-10-01 13:16:35','2013-10-17 19:42:49',NULL,NULL),(132,'text',44,6,'Give Us Time provides holidays to help families adjust to life after combat. This is possible thanks to generously donated week-long holidays in second homes, holiday homes and timeshares across the UK and beyond.',NULL,NULL,NULL,'2013-10-01 13:16:35','2013-10-17 19:42:49',NULL,NULL),(133,'href',44,1,'/about-us',NULL,NULL,NULL,'2013-10-01 13:16:35','2013-10-17 19:42:49',NULL,NULL),(134,'target',44,5,NULL,NULL,0,NULL,'2013-10-01 13:16:35','2013-10-17 19:42:49',NULL,NULL),(135,'link_in_body',44,5,NULL,NULL,1,NULL,'2013-10-01 13:16:35','2013-10-17 19:42:49',NULL,NULL),(136,'link_title',44,1,'More about us',NULL,NULL,NULL,'2013-10-01 13:16:35','2013-10-17 19:42:49',NULL,NULL),(137,'link_text',44,1,'More about us',NULL,NULL,NULL,'2013-10-01 13:16:35','2013-10-17 19:42:49',NULL,NULL),(138,'image_src',44,3,NULL,NULL,NULL,'/assets/source/nugget-family.jpg','2013-10-01 13:16:35','2013-10-17 19:42:49',NULL,NULL),(139,'image_alt',44,1,'',NULL,NULL,NULL,'2013-10-01 13:16:35','2013-10-17 19:42:49',NULL,NULL),(140,'image_title',44,1,'',NULL,NULL,NULL,'2013-10-01 13:16:35','2013-10-17 19:42:49',NULL,NULL),(141,'image',45,3,NULL,NULL,NULL,'/assets/source/liam-fox.jpg','2013-10-01 13:16:35','2013-10-02 13:00:58',NULL,NULL),(142,'alt',45,1,'Liam Fox',NULL,NULL,NULL,'2013-10-01 13:16:35','2013-10-02 13:00:58',NULL,NULL),(143,'title',45,1,'Liam Fox',NULL,NULL,NULL,'2013-10-01 13:16:35','2013-10-02 13:00:58',NULL,NULL),(144,'text',46,1,'A message from Liam Fox',NULL,NULL,NULL,'2013-10-01 13:16:35','2013-10-01 13:17:54',NULL,NULL),(145,'text',47,2,'<p><em>During my time as Secretary of State for Defence I was extremely heartened to see how we improved the treatment of those who had been physically injured in combat. Medical improvements in prosthetics, better physiotherapy and improved social attitudes all contributed to a better chance of rehabilitation. In terms of psychological trauma, the invisible scars of war, we are making progress though perhaps at a slower rate.</em></p>\r\n<p><em>One of the areas where I think there remains room for improvement is the integration of service families into this equation. As a doctor working with the Armed Forces I learned the importance of seeing our personnel not as isolated individuals but as members of a wider family and community dynamic..</em></p>\r\n<p><img src=\"assets/source/liam-signature.png\" alt=\"\" width=\"154\" height=\"87\" /></p>',NULL,NULL,NULL,'2013-10-01 13:16:35','2013-10-16 16:52:39',NULL,NULL),(146,'href',48,1,'/message-from-liam/',NULL,NULL,NULL,'2013-10-01 13:16:35','2013-10-16 16:52:27',NULL,NULL),(147,'title',48,1,'Read more',NULL,NULL,NULL,'2013-10-01 13:16:35','2013-10-16 16:52:27',NULL,NULL),(148,'text',48,1,'Read more',NULL,NULL,NULL,'2013-10-01 13:16:35','2013-10-16 16:52:27',NULL,NULL),(149,'target',48,5,NULL,NULL,0,NULL,'2013-10-01 13:16:35','2013-10-16 16:52:27',NULL,NULL),(150,'text',49,2,'<p>Test content</p>',NULL,NULL,NULL,'2013-10-01 13:29:57','2013-10-02 10:48:08',NULL,NULL),(151,'Image',50,3,NULL,NULL,NULL,'/assets/source/holiday stories/phots2-203-comp.jpg','2013-10-01 14:03:41','2013-10-17 19:41:32',NULL,NULL),(152,'Image Alternative Text',50,1,'Holiday photo',NULL,NULL,NULL,'2013-10-01 14:03:41','2013-10-17 19:41:32',NULL,NULL),(153,'Caption',50,6,'Sergant Mike Richey & Family Enjoyed a week in Madera in July',NULL,NULL,NULL,'2013-10-01 14:03:41','2013-10-17 19:41:32',NULL,NULL),(154,'Image',51,3,NULL,NULL,NULL,'/assets/source/nugget-stories.jpg','2013-10-01 14:04:51','2013-10-02 13:00:12',NULL,NULL),(155,'Image Alternative Text',51,1,'',NULL,NULL,NULL,'2013-10-01 14:04:51','2013-10-02 13:00:12',NULL,NULL),(156,'Caption',51,6,'Caption text goes here.',NULL,NULL,NULL,'2013-10-01 14:04:51','2013-10-02 13:00:12',NULL,NULL),(157,'image',52,3,NULL,NULL,NULL,'/assets/source/video.jpg','2013-10-01 14:37:04','2013-10-02 13:02:50',NULL,NULL),(158,'alt',52,1,'',NULL,NULL,NULL,'2013-10-01 14:37:04','2013-10-02 13:02:50',NULL,NULL),(159,'title',52,1,'Video title',NULL,NULL,NULL,'2013-10-01 14:37:04','2013-10-02 13:02:50',NULL,NULL),(160,'text',53,2,'<p>Give Us Time is part of Afghan Heroes</p>\r\n<p>Agfhan Heroes</p>\r\n<p>Phone<br />0844 5766771</p>\r\n<p>Email<br />info@afghanheroes.org.uk</p>\r\n<p>Address<br />Afghan Heroes<br />Unit 1<br />Wayside, Evercreech<br />Shepton Mallet, Somerset BA4 6QW</p>\r\n<p>Registered Charity No: 1132340</p>',NULL,NULL,NULL,'2013-10-02 16:22:02','2013-10-03 11:27:02',NULL,NULL),(161,'text',54,2,NULL,NULL,NULL,NULL,'2013-10-02 16:22:04',NULL,NULL,NULL),(162,'text',55,2,NULL,NULL,NULL,NULL,'2013-10-02 16:22:06',NULL,NULL,NULL),(163,'text',56,2,'<p><strong><a href=\"#Q1\">1) What does Give Us Time do?</a><br /></strong><strong><a href=\"#Q2\">2) Am I eligible?</a><br /></strong><strong><a href=\"#Q3\">3) Who can make a booking?</a><br /></strong><strong><a href=\"#Q4\">4) What do I have to pay?</a><br /></strong><strong><a href=\"#Q5\">5) Who can I take?</a>&nbsp;<br /></strong><strong><a href=\"#Q6\">6) What if I change my mind after booking?&nbsp;</a><br /></strong><strong><a href=\"#Q7\">7) Will you keep my information?</a>&nbsp;<br /></strong><strong><a href=\"#Q8\">8) [Where are the properties]&nbsp;</a><br /></strong><strong><a href=\"#Q9\">9) [How long can I stay?]&nbsp;</a><br /></strong><strong><a href=\"#Q10\">10) [Who are the donors]?&nbsp;</a><br /></strong><strong><a href=\"#Q11\">11) Is Give Us Time liable for any damages which occur during my holiday?&nbsp;</a><br /></strong><strong><a href=\"#Q12\">12) Can I apply for help with the transport costs?</a></strong></p>\r\n<h2><strong><a id=\"Q1\"></a>1) What does Give Us Time do? </strong></h2>\r\n<p>Give Us Time offers recently returned servicemen and women who have been to Afghanistan, or the families of servicemen and women who have died in Afghanistan the chance to get away to spend time with their friends and families. &nbsp;The holiday homes are provided by companies who own a holiday home and have donated some time in them to Give Us Time.</p>\r\n<h2><strong><a id=\"Q2\"></a>2) Am I eligible? </strong></h2>\r\n<p>Applicants must either have served on active operations in Afghanistan within the last two years, or had a member of their family killed whilst on active operations in Afghanistan since the war began in 2001. <strong>&nbsp; &nbsp; &nbsp; &nbsp; &nbsp; &nbsp; &nbsp; &nbsp; &nbsp;</strong></p>\r\n<h2><strong><a id=\"Q3\"></a>3) Who can make a booking? </strong></h2>\r\n<p>The person who registers and completes the Booking Form should be the person who is the current or retired, regular or reserve service person who has recently serviced on operations in Afghanistan, or a member of the immediate family or next of kin of the service person who has died on active service in Afghanistan.</p>\r\n<h2><strong><a id=\"Q4\"></a>4) What do I have to pay? </strong></h2>\r\n<p>The holiday homes have been donated so you do not have to pay to stay in them. &nbsp;You will have to put down a deposit &pound;100 to cover any late cancellation, we ask that you provide the property owner with your credit card details or a cheque for the amount of the deposit. &nbsp;They will only debit the amount from your card if necessary. &nbsp;You will also have to pay for travel to and from the holiday home. &nbsp;You may also have to pay any additional charges which will be specified by the Donor.</p>\r\n<h2><strong><a id=\"Q5\"></a>5) Who can I take? </strong></h2>\r\n<p>You are welcome to take whoever you like from your family. Please note that you are responsible for the booking and are therefore responsible for any damage to the Property.</p>\r\n<h2><strong><a id=\"Q6\"></a>6) What if I change my mind after booking? </strong></h2>\r\n<p>When you submit an Booking Form for a property, Give Us Time will notify the property owner who will send you confirmation of the booking. &nbsp; You can cancel the booking at any time before 24 hours of the start of your stay in the holiday home without charge by giving notice to the owner. If you cancel the booking after 24 hours of the start of your booking or do not check in at the start of your booking without giving the required notice to the owner, the owner may deduct all or part of your deposit.<strong>&nbsp; &nbsp; &nbsp; &nbsp; &nbsp; &nbsp;</strong></p>\r\n<h2><strong><a id=\"Q7\"></a>7) Will you keep my information? </strong></h2>\r\n<p>Yes we will keep the details of your registration and bookings. &nbsp;We accept that there will be occasions when, for reasons of illness bereavement, or a call back to active duty at short notice, when you will not be able to use a confirmed booking. &nbsp;We ask that you let us know as soon as possible if you cannot use a property and the reasons for your cancellation. &nbsp;Please also note that if, having booked a property, you do not then use it on more than one occasion (and not for the reasons given above) we reserve the right to refuse any further applications for bookings from you. &nbsp;</p>\r\n<h2><strong><a id=\"Q8\"></a>8) [Where are the properties] </strong></h2>\r\n<p>[●]</p>\r\n<p>&nbsp;</p>\r\n<h2><strong><a id=\"Q9\"></a>9) [How long can I stay?] </strong></h2>\r\n<p>[●]</p>\r\n<p>&nbsp;</p>\r\n<h2><strong><a id=\"Q10\"></a>10) [Who are the donors]? </strong></h2>\r\n<p>[Donor Parties]</p>\r\n<p>&nbsp;</p>\r\n<h2><strong><a id=\"Q11\"></a>11) Is Give Us Time liable for any damages which occur during my holiday? </strong></h2>\r\n<p>Give Us Time can accept no liability for any loss or damage howsoever caused including but not limited to:</p>\r\n<ul>\r\n<li>The quality and fitness of the Property;</li>\r\n<li>Damage to your possessions during your stay; and</li>\r\n<li>Lost or stolen possessions during your stay.</li>\r\n</ul>\r\n<p>This does not exclude any liability arising from death or personal injury to persons caused by negligence on the part of Give Us Time, any liability arising as a result of fraud, or anything else which cannot be excluded or limited by relevant law.</p>\r\n<h2><strong><a id=\"Q12\"></a>12) Can I apply for help with the transport costs? </strong></h2>\r\n<p>We only offer to subsidise travel payments in exceptional financial circumstances. &nbsp;If you would like to apply for a travel subsidy please fill out</p>\r\n<p>[●] form.</p>',NULL,NULL,NULL,'2013-10-02 16:22:07','2013-10-03 11:23:19',NULL,NULL),(164,'text',57,2,'<p>During his time as Secretary of State for Defence, Dr Liam Fox MP came to realise that whilst the care for our injured and the bereaved has improved immeasurably over the last decade, there are still some major challenges faced by all servicemen and servicewomen, and their families, whenever they try to reintegrate after those long months apart.</p>\r\n<p>Thousands of soldiers, sailors, airmen and marines return from Afghanistan without a scratch but still find that the lives of their family have moved on without them whilst they&rsquo;ve been away. All too often, this feeling of being &ldquo;spare&rdquo; in the life they used to know, alongside the need to finally reflect on the triumphs and traumas of their operational tour, leads to deep emotion &ndash; and often anger &ndash; that gets in the way of reintegrating with their families.</p>\r\n<p>The power of a good holiday is immeasurable. For the parent left at home it is a break from the single-parenthood that they have coped with so stoically for the last six months. For service personnel, it&rsquo;s an opportunity to spend quality time with their families and to re-establish relationships in a neutral location. The family returns home having re-learnt to live together and reinvigorated after a very difficult time apart.</p>\r\n<p>More importantly still, the serviceman or woman has just put their life on the line defending our nation&rsquo;s interests and the family have been at home living in dread of a knock at the door that could bring heartbreaking news. They deserve a holiday!</p>\r\n<h2>How can I help?</h2>\r\n<p>If you own a timeshare, second home, hotel, apartment block, cruise ship, ski chalet or holiday home &ndash; no matter how big or small, near or far &ndash; we&rsquo;d love you to consider donating whatever spare capacity you have to Give Us Time. We&rsquo;ll make sure that your donation goes to a British soldier, sailor, airman or marine that has just returned from Afghanistan so that they can rehabilitate with their families after a long hard tour.</p>\r\n<p>This website is already set-up to take your donation so please Register online and donate your weeks of spare time.</p>\r\n<h2>I&rsquo;m serving in the Armed Forces, how can I apply for a holiday?</h2>\r\n<p>Registration for holidays will start in January 2013 with a pilot scheme running during the spring. The charity hopes to be fully operational by May 2013.</p>\r\n<h2>How does it work?</h2>\r\n<p>Give Us Time will allocate holidays to anyone currently serving in the regular or reserve armed forces who has served on operations in Afghanistan. Holidays will usually be accommodation only and you will normally be responsible for funding travel, food and activities whilst away. However, the charity hopes to raise funds to provide assistance with travel costs on a case by case basis.</p>\r\n<p>Once Registration opens, you&rsquo;ll be able to see what properties have been donated over the period you hope to go away and you&rsquo;ll be able to apply for that holiday. Holidays will then be allocated by the charity on a first come, first served basis other than for the most popular locations at the most popular times; when allocation will be by ballot.</p>',NULL,NULL,NULL,'2013-10-02 16:40:33','2013-10-03 11:06:41',NULL,NULL),(165,'title',58,1,'ian',NULL,NULL,NULL,'2013-10-03 17:29:30',NULL,NULL,NULL),(166,'text',58,2,'',NULL,NULL,NULL,'2013-10-03 17:29:30',NULL,NULL,NULL),(167,'image',58,3,NULL,NULL,NULL,'','2013-10-03 17:29:30',NULL,NULL,NULL),(168,'image_alt',58,1,'',NULL,NULL,NULL,'2013-10-03 17:29:30',NULL,NULL,NULL),(169,'image_title',58,1,'',NULL,NULL,NULL,'2013-10-03 17:29:30',NULL,NULL,NULL),(170,'link_text',58,1,'',NULL,NULL,NULL,'2013-10-03 17:29:30',NULL,NULL,NULL),(171,'author',58,1,'',NULL,NULL,NULL,'2013-10-03 17:29:30',NULL,NULL,NULL),(172,'date_published',58,4,NULL,'0000-00-00 00:00:00',NULL,NULL,'2013-10-03 17:29:30',NULL,NULL,NULL),(173,'title',59,1,'Holly Towers',NULL,NULL,NULL,'2013-10-15 13:25:05','2013-10-15 14:00:01',NULL,NULL),(174,'location',59,8,'2',NULL,NULL,NULL,'2013-10-15 13:25:05','2013-10-15 14:00:01',NULL,NULL),(175,'type',59,8,'2',NULL,NULL,NULL,'2013-10-15 13:25:05','2013-10-15 14:00:01',NULL,NULL),(176,'area',59,1,'Bedminster',NULL,NULL,NULL,'2013-10-15 13:25:05','2013-10-15 14:00:01',NULL,NULL),(177,'city',59,1,'Bristol',NULL,NULL,NULL,'2013-10-15 13:25:05','2013-10-15 14:00:01',NULL,NULL),(178,'county',59,1,'Bristol',NULL,NULL,NULL,'2013-10-15 13:25:05','2013-10-15 14:00:02',NULL,NULL),(179,'country',59,1,'UK',NULL,NULL,NULL,'2013-10-15 13:25:05','2013-10-15 14:00:02',NULL,NULL),(180,'description',59,6,'This is a lovely skyline view condo in the heart of Bedminster, with stunning views of East Street',NULL,NULL,NULL,'2013-10-15 13:25:05','2013-10-15 14:00:02',NULL,NULL),(181,'additional_info',59,6,'',NULL,NULL,NULL,'2013-10-15 13:25:05','2013-10-15 14:00:02',NULL,NULL),(182,'facilities',59,6,'',NULL,NULL,NULL,'2013-10-15 13:25:05','2013-10-15 14:00:02',NULL,NULL),(183,'accessibility',59,6,'',NULL,NULL,NULL,'2013-10-15 13:25:05','2013-10-15 14:00:02',NULL,NULL),(184,'image',59,3,NULL,NULL,NULL,'','2013-10-15 13:25:05','2013-10-15 14:00:02',NULL,NULL),(185,'welcome_pack',59,3,NULL,NULL,NULL,'','2013-10-15 13:25:05','2013-10-15 14:00:02',NULL,NULL),(186,'extras',59,6,'',NULL,NULL,NULL,'2013-10-15 13:25:05','2013-10-15 14:00:02',NULL,NULL),(187,'date',59,4,NULL,'0000-00-00 00:00:00',NULL,NULL,'2013-10-15 13:25:05','2013-10-15 14:00:02',NULL,NULL),(188,'live_on_site',59,5,NULL,NULL,0,NULL,'2013-10-15 13:25:05','2013-10-15 14:00:02',NULL,NULL),(189,'user_id',59,7,'31',NULL,NULL,NULL,'2013-10-15 13:25:05','2013-10-15 14:00:02',NULL,NULL),(190,'slug',59,7,'holly-towers',NULL,NULL,NULL,'2013-10-15 13:25:05','2013-10-15 14:00:02',NULL,NULL),(191,'arrival_date',60,4,NULL,'2013-11-11 00:00:00',NULL,NULL,'2013-10-15 13:27:12',NULL,NULL,NULL),(192,'departure_date',60,4,NULL,'2013-11-22 00:00:00',NULL,NULL,'2013-10-15 13:27:12',NULL,NULL,NULL),(193,'type',60,8,'2',NULL,NULL,NULL,'2013-10-15 13:27:12',NULL,NULL,NULL),(194,'status',60,7,'available',NULL,NULL,NULL,'2013-10-15 13:27:12',NULL,NULL,NULL),(195,'number_of_bedrooms',60,1,'2',NULL,NULL,NULL,'2013-10-15 13:27:12',NULL,NULL,NULL),(196,'sleeps_number',60,1,'2',NULL,NULL,NULL,'2013-10-15 13:27:12',NULL,NULL,NULL),(197,'property_id',60,7,'59',NULL,NULL,NULL,'2013-10-15 13:27:13',NULL,NULL,NULL),(198,'booked_by',60,7,'',NULL,NULL,NULL,'2013-10-15 13:27:13',NULL,NULL,NULL),(199,'title',60,7,'',NULL,NULL,NULL,'2013-10-15 13:27:13',NULL,NULL,NULL),(200,'slug',60,7,'',NULL,NULL,NULL,'2013-10-15 13:27:13',NULL,NULL,NULL),(201,'title',61,1,'Test',NULL,NULL,NULL,'2013-10-16 12:56:11','2013-10-16 13:37:42',NULL,NULL),(202,'location',61,8,'1',NULL,NULL,NULL,'2013-10-16 12:56:11','2013-10-16 13:37:42',NULL,NULL),(203,'type',61,8,'1',NULL,NULL,NULL,'2013-10-16 12:56:11','2013-10-16 13:37:42',NULL,NULL),(204,'area',61,1,'Test',NULL,NULL,NULL,'2013-10-16 12:56:11','2013-10-16 13:37:42',NULL,NULL),(205,'city',61,1,'Bethlehem',NULL,NULL,NULL,'2013-10-16 12:56:11','2013-10-16 13:37:42',NULL,NULL),(206,'county',61,1,'Test',NULL,NULL,NULL,'2013-10-16 12:56:11','2013-10-16 13:37:42',NULL,NULL),(207,'country',61,1,'Test',NULL,NULL,NULL,'2013-10-16 12:56:12','2013-10-16 13:37:42',NULL,NULL),(208,'description',61,6,'Test',NULL,NULL,NULL,'2013-10-16 12:56:12','2013-10-16 13:37:42',NULL,NULL),(209,'additional_info',61,6,'Stable',NULL,NULL,NULL,'2013-10-16 12:56:12','2013-10-16 13:37:42',NULL,NULL),(210,'facilities',61,6,'Wise men, mules',NULL,NULL,NULL,'2013-10-16 12:56:12','2013-10-16 13:37:42',NULL,NULL),(211,'accessibility',61,6,'Camel ramp',NULL,NULL,NULL,'2013-10-16 12:56:12','2013-10-16 13:37:43',NULL,NULL),(212,'image',61,3,NULL,NULL,NULL,'','2013-10-16 12:56:12','2013-10-16 13:37:43',NULL,NULL),(213,'welcome_pack',61,3,NULL,NULL,NULL,'','2013-10-16 12:56:12','2013-10-16 13:37:43',NULL,NULL),(214,'extras',61,6,'Test',NULL,NULL,NULL,'2013-10-16 12:56:12','2013-10-16 13:37:43',NULL,NULL),(215,'date',61,4,NULL,'0000-00-00 00:00:00',NULL,NULL,'2013-10-16 12:56:12','2013-10-16 13:37:43',NULL,NULL),(216,'live_on_site',61,5,NULL,NULL,1,NULL,'2013-10-16 12:56:12','2013-10-16 13:37:43',NULL,NULL),(217,'user_id',61,7,'37',NULL,NULL,NULL,'2013-10-16 12:56:12','2013-10-16 13:37:43',NULL,NULL),(218,'slug',61,7,'test',NULL,NULL,NULL,'2013-10-16 12:56:12','2013-10-16 13:37:43',NULL,NULL),(219,'arrival_date',62,4,NULL,'2011-11-11 00:00:00',NULL,NULL,'2013-10-16 13:36:45',NULL,NULL,NULL),(220,'departure_date',62,4,NULL,'2011-11-11 00:00:00',NULL,NULL,'2013-10-16 13:36:45',NULL,NULL,NULL),(221,'type',62,8,'1',NULL,NULL,NULL,'2013-10-16 13:36:45',NULL,NULL,NULL),(222,'status',62,7,'available',NULL,NULL,NULL,'2013-10-16 13:36:45',NULL,NULL,NULL),(223,'number_of_bedrooms',62,1,'648',NULL,NULL,NULL,'2013-10-16 13:36:45',NULL,NULL,NULL),(224,'sleeps_number',62,1,'2',NULL,NULL,NULL,'2013-10-16 13:36:45',NULL,NULL,NULL),(225,'property_id',62,7,'61',NULL,NULL,NULL,'2013-10-16 13:36:45',NULL,NULL,NULL),(226,'booked_by',62,7,'',NULL,NULL,NULL,'2013-10-16 13:36:45',NULL,NULL,NULL),(227,'title',62,7,'',NULL,NULL,NULL,'2013-10-16 13:36:45',NULL,NULL,NULL),(228,'slug',62,7,'',NULL,NULL,NULL,'2013-10-16 13:36:45',NULL,NULL,NULL),(229,'title',63,1,'Property Test',NULL,NULL,NULL,'2013-10-16 15:06:16','2013-10-16 15:06:31',NULL,NULL),(230,'location',63,8,'1',NULL,NULL,NULL,'2013-10-16 15:06:16','2013-10-16 15:06:31',NULL,NULL),(231,'type',63,8,'1',NULL,NULL,NULL,'2013-10-16 15:06:16','2013-10-16 15:06:31',NULL,NULL),(232,'area',63,1,'Test',NULL,NULL,NULL,'2013-10-16 15:06:16','2013-10-16 15:06:31',NULL,NULL),(233,'city',63,1,'Bristol',NULL,NULL,NULL,'2013-10-16 15:06:16','2013-10-16 15:06:32',NULL,NULL),(234,'county',63,1,'North Somerset',NULL,NULL,NULL,'2013-10-16 15:06:16','2013-10-16 15:06:32',NULL,NULL),(235,'country',63,1,'',NULL,NULL,NULL,'2013-10-16 15:06:16','2013-10-16 15:06:32',NULL,NULL),(236,'description',63,6,'Property description',NULL,NULL,NULL,'2013-10-16 15:06:16','2013-10-16 15:06:32',NULL,NULL),(237,'additional_info',63,6,'Additional Info goes here',NULL,NULL,NULL,'2013-10-16 15:06:16','2013-10-16 15:06:32',NULL,NULL),(238,'disabled_access',63,5,NULL,NULL,1,NULL,'2013-10-16 15:06:16','2013-10-16 15:06:32',NULL,NULL),(239,'beach',63,5,NULL,NULL,1,NULL,'2013-10-16 15:06:16','2013-10-16 15:06:32',NULL,NULL),(240,'child_friendly',63,5,NULL,NULL,0,NULL,'2013-10-16 15:06:16','2013-10-16 15:06:32',NULL,NULL),(241,'cancellation_fee',63,5,NULL,NULL,1,NULL,'2013-10-16 15:06:16','2013-10-16 15:06:32',NULL,NULL),(242,'accessibility',63,6,'',NULL,NULL,NULL,'2013-10-16 15:06:16','2013-10-16 15:06:32',NULL,NULL),(243,'image',63,3,NULL,NULL,NULL,'','2013-10-16 15:06:16','2013-10-16 15:06:32',NULL,NULL),(244,'welcome_pack',63,3,NULL,NULL,NULL,'','2013-10-16 15:06:16','2013-10-16 15:06:32',NULL,NULL),(245,'extras',63,6,'',NULL,NULL,NULL,'2013-10-16 15:06:16','2013-10-16 15:06:32',NULL,NULL),(246,'date',63,4,NULL,'0000-00-00 00:00:00',NULL,NULL,'2013-10-16 15:06:16','2013-10-16 15:06:32',NULL,NULL),(247,'live_on_site',63,5,NULL,NULL,0,NULL,'2013-10-16 15:06:16','2013-10-16 15:06:32',NULL,NULL),(248,'user_id',63,7,'33',NULL,NULL,NULL,'2013-10-16 15:06:17','2013-10-16 15:06:32',NULL,NULL),(249,'slug',63,7,'property-test',NULL,NULL,NULL,'2013-10-16 15:06:17','2013-10-16 15:06:32',NULL,NULL),(250,'arrival_date',64,4,NULL,'2013-10-25 00:00:00',NULL,NULL,'2013-10-16 15:06:54','2013-10-16 15:11:31',NULL,NULL),(251,'departure_date',64,4,NULL,'2013-10-30 00:00:00',NULL,NULL,'2013-10-16 15:06:54','2013-10-16 15:11:31',NULL,NULL),(252,'type',64,8,'2',NULL,NULL,NULL,'2013-10-16 15:06:54','2013-10-16 15:11:31',NULL,NULL),(253,'status',64,7,'available',NULL,NULL,NULL,'2013-10-16 15:06:54','2013-10-16 15:11:31',NULL,NULL),(254,'number_of_bedrooms',64,1,'4',NULL,NULL,NULL,'2013-10-16 15:06:54','2013-10-16 15:11:31',NULL,NULL),(255,'sleeps_number',64,1,'5',NULL,NULL,NULL,'2013-10-16 15:06:54','2013-10-16 15:11:31',NULL,NULL),(256,'property_id',64,7,'63',NULL,NULL,NULL,'2013-10-16 15:06:54','2013-10-16 15:11:31',NULL,NULL),(257,'booked_by',64,7,'',NULL,NULL,NULL,'2013-10-16 15:06:55','2013-10-16 15:11:31',NULL,NULL),(258,'title',64,7,'',NULL,NULL,NULL,'2013-10-16 15:06:55','2013-10-16 15:11:31',NULL,NULL),(259,'slug',64,7,'',NULL,NULL,NULL,'2013-10-16 15:06:55','2013-10-16 15:11:31',NULL,NULL),(260,'title',65,1,'Mr Cox',NULL,NULL,NULL,'2013-10-16 16:02:47','2013-10-16 16:06:01',NULL,NULL),(261,'location',65,8,'2',NULL,NULL,NULL,'2013-10-16 16:02:47','2013-10-16 16:06:01',NULL,NULL),(262,'type',65,8,'1',NULL,NULL,NULL,'2013-10-16 16:02:47','2013-10-16 16:06:01',NULL,NULL),(263,'area',65,1,'Clifton',NULL,NULL,NULL,'2013-10-16 16:02:47','2013-10-16 16:06:01',NULL,NULL),(264,'city',65,1,'Bristol',NULL,NULL,NULL,'2013-10-16 16:02:47','2013-10-16 16:06:01',NULL,NULL),(265,'county',65,1,'Avon',NULL,NULL,NULL,'2013-10-16 16:02:47','2013-10-16 16:06:01',NULL,NULL),(266,'country',65,1,'England',NULL,NULL,NULL,'2013-10-16 16:02:47','2013-10-16 16:06:01',NULL,NULL),(267,'description',65,6,'Small Flat',NULL,NULL,NULL,'2013-10-16 16:02:47','2013-10-16 16:06:01',NULL,NULL),(268,'additional_info',65,6,'',NULL,NULL,NULL,'2013-10-16 16:02:48','2013-10-16 16:06:01',NULL,NULL),(269,'disabled_access',65,5,NULL,NULL,1,NULL,'2013-10-16 16:02:48','2013-10-16 16:06:01',NULL,NULL),(270,'beach',65,5,NULL,NULL,0,NULL,'2013-10-16 16:02:48','2013-10-16 16:06:01',NULL,NULL),(271,'child_friendly',65,5,NULL,NULL,1,NULL,'2013-10-16 16:02:48','2013-10-16 16:06:01',NULL,NULL),(272,'cancellation_fee',65,5,NULL,NULL,1,NULL,'2013-10-16 16:02:48','2013-10-16 16:06:01',NULL,NULL),(273,'accessibility',65,6,'Accessible ',NULL,NULL,NULL,'2013-10-16 16:02:48','2013-10-16 16:06:01',NULL,NULL),(274,'image',65,3,NULL,NULL,NULL,'/assets/source/1.jpg','2013-10-16 16:02:48','2013-10-16 16:06:01',NULL,NULL),(275,'welcome_pack',65,3,NULL,NULL,NULL,'','2013-10-16 16:02:48','2013-10-16 16:06:01',NULL,NULL),(276,'extras',65,6,'',NULL,NULL,NULL,'2013-10-16 16:02:48','2013-10-16 16:06:01',NULL,NULL),(277,'date',65,4,NULL,'2009-01-14 00:00:00',NULL,NULL,'2013-10-16 16:02:48','2013-10-16 16:06:01',NULL,NULL),(278,'live_on_site',65,5,NULL,NULL,1,NULL,'2013-10-16 16:02:48','2013-10-16 16:06:01',NULL,NULL),(279,'user_id',65,7,'39',NULL,NULL,NULL,'2013-10-16 16:02:48','2013-10-16 16:06:01',NULL,NULL),(280,'slug',65,7,'mr-cox',NULL,NULL,NULL,'2013-10-16 16:02:48','2013-10-16 16:06:01',NULL,NULL),(281,'arrival_date',66,4,NULL,'2014-01-01 12:00:00',NULL,NULL,'2013-10-16 16:07:01','2013-10-16 16:10:11',NULL,NULL),(282,'departure_date',66,4,NULL,'2014-01-08 00:00:00',NULL,NULL,'2013-10-16 16:07:01','2013-10-16 16:10:11',NULL,NULL),(283,'type',66,8,'2',NULL,NULL,NULL,'2013-10-16 16:07:01','2013-10-16 16:10:11',NULL,NULL),(284,'status',66,7,'available',NULL,NULL,NULL,'2013-10-16 16:07:01','2013-10-16 16:10:11',NULL,NULL),(285,'number_of_bedrooms',66,1,'4',NULL,NULL,NULL,'2013-10-16 16:07:01','2013-10-16 16:10:11',NULL,NULL),(286,'sleeps_number',66,1,'6',NULL,NULL,NULL,'2013-10-16 16:07:01','2013-10-16 16:10:11',NULL,NULL),(287,'property_id',66,7,'65',NULL,NULL,NULL,'2013-10-16 16:07:01','2013-10-16 16:10:11',NULL,NULL),(288,'booked_by',66,7,'',NULL,NULL,NULL,'2013-10-16 16:07:01','2013-10-16 16:10:11',NULL,NULL),(289,'title',66,7,'',NULL,NULL,NULL,'2013-10-16 16:07:01','2013-10-16 16:10:11',NULL,NULL),(290,'slug',66,7,'',NULL,NULL,NULL,'2013-10-16 16:07:01','2013-10-16 16:10:11',NULL,NULL),(291,'title',67,1,'Faulty Towers',NULL,NULL,NULL,'2013-10-16 16:22:09','2013-10-18 08:19:13',NULL,NULL),(292,'location',67,8,'3',NULL,NULL,NULL,'2013-10-16 16:22:09','2013-10-18 08:19:13',NULL,NULL),(293,'type',67,8,'1',NULL,NULL,NULL,'2013-10-16 16:22:09','2013-10-18 08:19:13',NULL,NULL),(294,'area',67,1,'London',NULL,NULL,NULL,'2013-10-16 16:22:09','2013-10-18 08:19:13',NULL,NULL),(295,'city',67,1,'London',NULL,NULL,NULL,'2013-10-16 16:22:09','2013-10-18 08:19:13',NULL,NULL),(296,'county',67,1,'London',NULL,NULL,NULL,'2013-10-16 16:22:09','2013-10-18 08:19:13',NULL,NULL),(297,'country',67,1,'UK',NULL,NULL,NULL,'2013-10-16 16:22:09','2013-10-18 08:19:13',NULL,NULL),(298,'description',67,6,'A place that you can go on holiday and stay',NULL,NULL,NULL,'2013-10-16 16:22:09','2013-10-18 08:19:13',NULL,NULL),(299,'additional_info',67,6,'A really good place ',NULL,NULL,NULL,'2013-10-16 16:22:09','2013-10-18 08:19:13',NULL,NULL),(300,'disabled_access',67,5,NULL,NULL,0,NULL,'2013-10-16 16:22:09','2013-10-18 08:19:13',NULL,NULL),(301,'beach',67,5,NULL,NULL,1,NULL,'2013-10-16 16:22:09','2013-10-18 08:19:13',NULL,NULL),(302,'child_friendly',67,5,NULL,NULL,1,NULL,'2013-10-16 16:22:09','2013-10-18 08:19:13',NULL,NULL),(303,'cancellation_fee',67,5,NULL,NULL,0,NULL,'2013-10-16 16:22:09','2013-10-18 08:19:13',NULL,NULL),(304,'accessibility',67,6,'ramps and disable toilets',NULL,NULL,NULL,'2013-10-16 16:22:09','2013-10-18 08:19:13',NULL,NULL),(305,'image',67,3,NULL,NULL,NULL,'/assets/source/nugget-family.jpg','2013-10-16 16:22:09','2013-10-18 08:19:13',NULL,NULL),(306,'welcome_pack',67,3,NULL,NULL,NULL,'','2013-10-16 16:22:09','2013-10-18 08:19:13',NULL,NULL),(307,'extras',67,6,'Pool table, ',NULL,NULL,NULL,'2013-10-16 16:22:09','2013-10-18 08:19:13',NULL,NULL),(308,'date',67,4,NULL,'2013-12-23 00:00:00',NULL,NULL,'2013-10-16 16:22:09','2013-10-18 08:19:13',NULL,NULL),(309,'live_on_site',67,5,NULL,NULL,1,NULL,'2013-10-16 16:22:09','2013-10-18 08:19:14',NULL,NULL),(310,'user_id',67,7,'42',NULL,NULL,NULL,'2013-10-16 16:22:10','2013-10-18 08:19:14',NULL,NULL),(311,'slug',67,7,'faulty-towers',NULL,NULL,NULL,'2013-10-16 16:22:10','2013-10-18 08:19:14',NULL,NULL),(312,'title',68,1,'Benidorm Paridise',NULL,NULL,NULL,'2013-10-16 16:25:12','2013-10-18 08:30:57',NULL,NULL),(313,'location',68,8,'1',NULL,NULL,NULL,'2013-10-16 16:25:12','2013-10-18 08:30:57',NULL,NULL),(314,'type',68,8,'2',NULL,NULL,NULL,'2013-10-16 16:25:12','2013-10-18 08:30:57',NULL,NULL),(315,'area',68,1,'Benidorm',NULL,NULL,NULL,'2013-10-16 16:25:12','2013-10-18 08:30:57',NULL,NULL),(316,'city',68,1,'',NULL,NULL,NULL,'2013-10-16 16:25:12','2013-10-18 08:30:57',NULL,NULL),(317,'county',68,1,'',NULL,NULL,NULL,'2013-10-16 16:25:12','2013-10-18 08:30:57',NULL,NULL),(318,'country',68,1,'Spain',NULL,NULL,NULL,'2013-10-16 16:25:13','2013-10-18 08:30:57',NULL,NULL),(319,'description',68,6,'An apartment with a shared pool, 400 metres from the glorious beaches of Benidorm...',NULL,NULL,NULL,'2013-10-16 16:25:13','2013-10-18 08:30:57',NULL,NULL),(320,'additional_info',68,6,'Drinks served in bar until 11pm, free sunbeds and towels available at cost',NULL,NULL,NULL,'2013-10-16 16:25:13','2013-10-18 08:30:57',NULL,NULL),(321,'disabled_access',68,5,NULL,NULL,0,NULL,'2013-10-16 16:25:13','2013-10-18 08:30:57',NULL,NULL),(322,'beach',68,5,NULL,NULL,1,NULL,'2013-10-16 16:25:13','2013-10-18 08:30:57',NULL,NULL),(323,'child_friendly',68,5,NULL,NULL,1,NULL,'2013-10-16 16:25:13','2013-10-18 08:30:57',NULL,NULL),(324,'cancellation_fee',68,5,NULL,NULL,0,NULL,'2013-10-16 16:25:13','2013-10-18 08:30:58',NULL,NULL),(325,'accessibility',68,6,'Lifts to all floors',NULL,NULL,NULL,'2013-10-16 16:25:13','2013-10-18 08:30:58',NULL,NULL),(326,'image',68,3,NULL,NULL,NULL,'/assets/source/images.jpeg','2013-10-16 16:25:13','2013-10-18 08:30:58',NULL,NULL),(327,'welcome_pack',68,3,NULL,NULL,NULL,'','2013-10-16 16:25:13','2013-10-18 08:30:58',NULL,NULL),(328,'extras',68,6,'None',NULL,NULL,NULL,'2013-10-16 16:25:13','2013-10-18 08:30:58',NULL,NULL),(329,'date',68,4,NULL,'2001-11-13 00:00:00',NULL,NULL,'2013-10-16 16:25:13','2013-10-18 08:30:58',NULL,NULL),(330,'live_on_site',68,5,NULL,NULL,1,NULL,'2013-10-16 16:25:13','2013-10-18 08:30:58',NULL,NULL),(331,'user_id',68,7,'42',NULL,NULL,NULL,'2013-10-16 16:25:13','2013-10-18 08:30:58',NULL,NULL),(332,'slug',68,7,'benidorm-paridise',NULL,NULL,NULL,'2013-10-16 16:25:13','2013-10-18 08:30:58',NULL,NULL),(333,'arrival_date',69,4,NULL,'2013-12-23 00:00:00',NULL,NULL,'2013-10-16 16:28:32','2013-10-17 09:47:52',NULL,NULL),(334,'departure_date',69,4,NULL,'2013-12-28 00:00:00',NULL,NULL,'2013-10-16 16:28:32','2013-10-17 09:47:52',NULL,NULL),(335,'type',69,8,'2',NULL,NULL,NULL,'2013-10-16 16:28:32','2013-10-17 09:47:52',NULL,NULL),(336,'status',69,7,'available',NULL,NULL,NULL,'2013-10-16 16:28:32','2013-10-17 09:47:52',NULL,NULL),(337,'number_of_bedrooms',69,1,'2',NULL,NULL,NULL,'2013-10-16 16:28:32','2013-10-17 09:47:52',NULL,NULL),(338,'sleeps_number',69,1,'4',NULL,NULL,NULL,'2013-10-16 16:28:32','2013-10-17 09:47:52',NULL,NULL),(339,'property_id',69,7,'67',NULL,NULL,NULL,'2013-10-16 16:28:32','2013-10-17 09:47:52',NULL,NULL),(340,'booked_by',69,7,'',NULL,NULL,NULL,'2013-10-16 16:28:32','2013-10-17 09:47:52',NULL,NULL),(341,'title',69,7,'',NULL,NULL,NULL,'2013-10-16 16:28:32','2013-10-17 09:47:52',NULL,NULL),(342,'slug',69,7,'',NULL,NULL,NULL,'2013-10-16 16:28:32','2013-10-17 09:47:52',NULL,NULL),(343,'arrival_date',70,4,NULL,'2014-01-13 00:00:00',NULL,NULL,'2013-10-16 16:30:56',NULL,NULL,NULL),(344,'departure_date',70,4,NULL,'2014-01-20 00:00:00',NULL,NULL,'2013-10-16 16:30:56',NULL,NULL,NULL),(345,'type',70,8,'2',NULL,NULL,NULL,'2013-10-16 16:30:56',NULL,NULL,NULL),(346,'status',70,7,'available',NULL,NULL,NULL,'2013-10-16 16:30:56',NULL,NULL,NULL),(347,'number_of_bedrooms',70,1,'2',NULL,NULL,NULL,'2013-10-16 16:30:56',NULL,NULL,NULL),(348,'sleeps_number',70,1,'4',NULL,NULL,NULL,'2013-10-16 16:30:56',NULL,NULL,NULL),(349,'property_id',70,7,'67',NULL,NULL,NULL,'2013-10-16 16:30:56',NULL,NULL,NULL),(350,'booked_by',70,7,'',NULL,NULL,NULL,'2013-10-16 16:30:56',NULL,NULL,NULL),(351,'title',70,7,'',NULL,NULL,NULL,'2013-10-16 16:30:57',NULL,NULL,NULL),(352,'slug',70,7,'',NULL,NULL,NULL,'2013-10-16 16:30:57',NULL,NULL,NULL),(353,'title',71,1,'Ian\'s Great palace',NULL,NULL,NULL,'2013-10-16 20:41:11',NULL,NULL,NULL),(354,'location',71,8,'1',NULL,NULL,NULL,'2013-10-16 20:41:11',NULL,NULL,NULL),(355,'type',71,8,'1',NULL,NULL,NULL,'2013-10-16 20:41:11',NULL,NULL,NULL),(356,'area',71,1,'Alderley Edge',NULL,NULL,NULL,'2013-10-16 20:41:11',NULL,NULL,NULL),(357,'city',71,1,'Manchester',NULL,NULL,NULL,'2013-10-16 20:41:11',NULL,NULL,NULL),(358,'county',71,1,'Manchester',NULL,NULL,NULL,'2013-10-16 20:41:11',NULL,NULL,NULL),(359,'country',71,1,'UK',NULL,NULL,NULL,'2013-10-16 20:41:12',NULL,NULL,NULL),(360,'description',71,6,'This is a lovely tree top mansion near Manchester',NULL,NULL,NULL,'2013-10-16 20:41:12',NULL,NULL,NULL),(361,'additional_info',71,6,'This is a loveley house, it really is',NULL,NULL,NULL,'2013-10-16 20:41:12',NULL,NULL,NULL),(362,'disabled_access',71,5,NULL,NULL,1,NULL,'2013-10-16 20:41:12',NULL,NULL,NULL),(363,'beach',71,5,NULL,NULL,1,NULL,'2013-10-16 20:41:12',NULL,NULL,NULL),(364,'child_friendly',71,5,NULL,NULL,1,NULL,'2013-10-16 20:41:12',NULL,NULL,NULL),(365,'cancellation_fee',71,5,NULL,NULL,1,NULL,'2013-10-16 20:41:12',NULL,NULL,NULL),(366,'accessibility',71,6,'Its all fine',NULL,NULL,NULL,'2013-10-16 20:41:12',NULL,NULL,NULL),(367,'image',71,3,NULL,NULL,NULL,'/assets/source/images.jpeg','2013-10-16 20:41:12',NULL,NULL,NULL),(368,'welcome_pack',71,3,NULL,NULL,NULL,'','2013-10-16 20:41:12',NULL,NULL,NULL),(369,'extras',71,6,'There are no hidden extras',NULL,NULL,NULL,'2013-10-16 20:41:12',NULL,NULL,NULL),(370,'date',71,4,NULL,'0000-00-00 00:00:00',NULL,NULL,'2013-10-16 20:41:12',NULL,NULL,NULL),(371,'live_on_site',71,5,NULL,NULL,1,NULL,'2013-10-16 20:41:12',NULL,NULL,NULL),(372,'user_id',71,7,'41',NULL,NULL,NULL,'2013-10-16 20:41:12',NULL,NULL,NULL),(373,'slug',71,7,'ian-s-great-palace',NULL,NULL,NULL,'2013-10-16 20:41:12',NULL,NULL,NULL),(374,'arrival_date',72,4,NULL,'0000-00-00 00:00:00',NULL,NULL,'2013-10-16 20:44:42',NULL,NULL,NULL),(375,'departure_date',72,4,NULL,'0000-00-00 00:00:00',NULL,NULL,'2013-10-16 20:44:42',NULL,NULL,NULL),(376,'type',72,8,'2',NULL,NULL,NULL,'2013-10-16 20:44:42',NULL,NULL,NULL),(377,'status',72,7,'available',NULL,NULL,NULL,'2013-10-16 20:44:42',NULL,NULL,NULL),(378,'number_of_bedrooms',72,1,'5',NULL,NULL,NULL,'2013-10-16 20:44:42',NULL,NULL,NULL),(379,'sleeps_number',72,1,'6',NULL,NULL,NULL,'2013-10-16 20:44:42',NULL,NULL,NULL),(380,'property_id',72,7,'71',NULL,NULL,NULL,'2013-10-16 20:44:42',NULL,NULL,NULL),(381,'booked_by',72,7,'',NULL,NULL,NULL,'2013-10-16 20:44:42',NULL,NULL,NULL),(382,'title',72,7,'',NULL,NULL,NULL,'2013-10-16 20:44:42',NULL,NULL,NULL),(383,'slug',72,7,'',NULL,NULL,NULL,'2013-10-16 20:44:42',NULL,NULL,NULL),(384,'title',73,1,'News Story Number One',NULL,NULL,NULL,'2013-10-17 09:10:51','2013-10-17 19:33:37',NULL,NULL),(385,'short_headline',73,1,'News Story Number One',NULL,NULL,NULL,'2013-10-17 09:10:51','2013-10-17 19:33:37',NULL,NULL),(386,'summary',73,6,'This is a news story, and this is the summary of the news story This is a news story, and this is the summary of the news story This is a news story, and this is the summary of the news story ',NULL,NULL,NULL,'2013-10-17 09:10:51','2013-10-17 19:33:37',NULL,NULL),(387,'full_story',73,2,'<div>\r\n<p>This is a news story, and this is the full story&nbsp;</p>\r\n<p style=\"display: inline !important;\">This is a news story, and this is the full story&nbsp;</p>\r\n<p>This is a news story, and this is the full story&nbsp;</p>\r\n<p style=\"display: inline !important;\">This is a news story, and this is the full story&nbsp;</p>\r\n<p>This is a news story, and this is the full story&nbsp;</p>\r\n<p style=\"display: inline !important;\">This is a news story, and this is the full story&nbsp;</p>\r\n<p>This is a news story, and this is the full story&nbsp;</p>\r\n<div style=\"display: inline !important;\">\r\n<div style=\"display: inline !important;\">\r\n<div style=\"display: inline !important;\">\r\n<div style=\"display: inline !important;\">\r\n<div style=\"display: inline !important;\">\r\n<div style=\"display: inline !important;\">\r\n<p style=\"display: inline !important;\">This is a news story, and this is the full story</p>\r\n</div>\r\n</div>\r\n</div>\r\n</div>\r\n</div>\r\n</div>\r\n<div>\r\n<div>\r\n<div>\r\n<div>\r\n<div>\r\n<div>\r\n<div>\r\n<div>\r\n<p>This is a news story, and this is the full story</p>\r\n<div>\r\n<p>This is a news story, and this is the full story</p>\r\n</div>\r\n</div>\r\n</div>\r\n</div>\r\n</div>\r\n</div>\r\n</div>\r\n</div>\r\n</div>\r\n</div>',NULL,NULL,NULL,'2013-10-17 09:10:51','2013-10-17 19:33:37',NULL,NULL),(388,'full_image',73,3,NULL,NULL,NULL,'/assets/source/nugget-stories.jpg','2013-10-17 09:10:51','2013-10-17 19:33:37',NULL,NULL),(389,'date',73,4,NULL,'0000-00-00 00:00:00',NULL,NULL,'2013-10-17 09:10:52','2013-10-17 19:33:37',NULL,NULL),(390,'live_on_site',73,5,NULL,NULL,1,NULL,'2013-10-17 09:10:52','2013-10-17 19:33:37',NULL,NULL),(391,'slug',73,7,'news-story-number-one',NULL,NULL,NULL,'2013-10-17 09:10:52','2013-10-17 19:33:37',NULL,NULL),(392,'title',74,1,'Test News Item',NULL,NULL,NULL,'2013-10-17 10:14:31','2013-10-17 10:56:03',NULL,NULL),(393,'short_headline',74,1,'Short Headline',NULL,NULL,NULL,'2013-10-17 10:14:31','2013-10-17 10:56:03',NULL,NULL),(394,'summary',74,6,'News item summary.',NULL,NULL,NULL,'2013-10-17 10:14:31','2013-10-17 10:56:03',NULL,NULL),(395,'full_story',74,2,'<p>Lorem ipsum. This is the full story.</p>',NULL,NULL,NULL,'2013-10-17 10:14:31','2013-10-17 10:56:03',NULL,NULL),(396,'full_image',74,3,NULL,NULL,NULL,'/assets/source/liam-fox.jpg','2013-10-17 10:14:31','2013-10-17 10:56:04',NULL,NULL),(397,'date',74,4,NULL,'2011-11-11 00:00:00',NULL,NULL,'2013-10-17 10:14:31','2013-10-17 10:56:04',NULL,NULL),(398,'live_on_site',74,5,NULL,NULL,1,NULL,'2013-10-17 10:14:31','2013-10-17 10:56:04',NULL,NULL),(399,'slug',74,7,'test-news-item',NULL,NULL,NULL,'2013-10-17 10:14:31','2013-10-17 10:56:04',NULL,NULL),(400,'text',75,2,'<p>We wish to make the Give Us Time project as successful as possible for all those who wish to use the service. To help us do this, we ask you to commit to some rules in relation to our service and your use of the properties.</p>\r\n<p>If you do not agree to these rules, you will not be able to complete your booking. Further, if during your stay at a property, you breach these rules, we will block you from booking properties with us in the future.</p>\r\n<p>You agree that you will:</p>\r\n<ul>\r\n<li>not do anything that could harm the ability of Give Us Time to continue to provide this service to military personnel in the future.</li>\r\n<li>not bring unregistered guests or pets into the property.</li>\r\n<li>not bring illegal substances into the property.</li>\r\n<li>treat the donated property with respect at all times (including respecting no smoking policies in force at the property) and you will not use the property to have parties or conduct other activities that are not appropriate to holiday use.</li>\r\n<li>promptly notify the owner of any damages incurred during your stay.</li>\r\n<li>give as much notice as possible if you need to cancel your booking (this will enable us to place the property with someone else or for the owner to take another booking.</li>\r\n<li>agree to comply with any other rules that the property owner may specify.</li>\r\n<li>hand back the keys to the owner or agent at the end of your stay.</li>\r\n</ul>',NULL,NULL,NULL,'2013-10-17 12:51:11','2013-10-17 12:51:18',NULL,NULL),(401,'text',76,2,'<p><strong>TERMS AND CONDITIONS of the DONATION</strong></p>\r\n<p><strong>Between</strong></p>\r\n<p><strong><em>GIVE US TIME</em>&nbsp;AND DONOR</strong></p>\r\n<h1>&nbsp;</h1>\r\n<h1>1 DEFINITIONS</h1>\r\n<p>In these Conditions:</p>\r\n<p>&ldquo;<strong>Applicable&nbsp;Laws</strong>&rdquo; means&nbsp;all applicable laws, regulations, regulatory requirements and codes of practice of any jurisdiction, as amended and in force from time to time.</p>\r\n<p>&ldquo;<strong>Applicant</strong>&rdquo; means any person [registered to the Give Us Time website who may fill in a Booking Form /who is eligible to fill in a Booking Form] to apply to stay at the Property.</p>\r\n<p>&ldquo;<strong>Booking Form</strong>&rdquo; means a form on the Give Us Time website to be completed by the Applicant following the receipt of an Initial Interest Form, which contains details of the Applicant&rsquo;s party and the Deposit.</p>\r\n<p>&ldquo;<strong>Conditions</strong>&rdquo; means the standard terms and conditions of the Donation of the Property to Give us Time to be booked out by Applicants as set out in this document.</p>\r\n<p><em>&ldquo;</em><strong>Confirmed Booking</strong>&rdquo; means a Provisional Booking of the Property that has been confirmed by the Donor following payment by the Applicant of the Deposit.</p>\r\n<p>&ldquo;<strong>Donation</strong>&rdquo; means the arrangement between the Donor and Give Us Time where the Donor agrees to provide the Property or several properties for Applicants to use without charge as set out in this document.</p>\r\n<p>&ldquo;<strong>Donor</strong>&rdquo;&nbsp;means&nbsp;[●] [of] [(company no [●]) whose registered office is at] [●].</p>\r\n<p>&ldquo;<strong>Give Us Time</strong>&rdquo;&nbsp;means&nbsp;a charity with registered charity no [●] whose registered address is at [●].</p>\r\n<p>&ldquo;<strong>Initial Interest Form</strong>&rdquo; means a form that the Applicant must fill in to express an interest in the Property. The submission of on an Initial Interest Form is non-legally binding upon the Applicant.</p>\r\n<p>&ldquo;<strong>Late Cancellation</strong>&rdquo; means if&nbsp;the Applicant either cancels a booking less than 24 hours prior to the commencement of the booking or fails to check in to the Property at the commencement of the booking where no notice has been given.</p>\r\n<p>&ldquo;<strong>Late Cancellation Fee</strong>&rdquo; means the sum of &pound;100 to be paid by the Applicant to the Donor in the event of a Late Cancellation.&nbsp;&nbsp;</p>\r\n<p>&ldquo;<strong>Property</strong>&rdquo; means [●] which is the subject [or one of the subjects] of the Donation.</p>\r\n<p>&ldquo;<strong>Provisional Booking</strong>&rdquo; means a booking that is not yet a Confirmed Booking of the Property where the Applicant has submitted an Initial Interest Form.</p>\r\n<h1>&nbsp;</h1>\r\n<h1>2 THE BOOKING PROCESS</h1>\r\n<ol start=\"2\">\r\n<li>Applicants will fill in an Initial Interest Form from the Give Us Time website specifying the Property the Applicant is interested in staying in. The Applicant will submit the completed Initial Interest Form to Give Us Time.</li>\r\n<li>After confirming the eligibility of the Applicant and, if the Property is available, the Applicant will have a Provisional Booking for 72 hours and will have this time to complete the Booking Form on the Give Us Time website.</li>\r\n<li>Once the Applicant completes the Booking Form including the credit/debit card details (or on receipt of the cheque for the sum of &pound;100 made payable to the Donor by Give Us Time), the Applicant shall have a Confirmed Booking of that Property.</li>\r\n<li>Give Us Time recommends that 72 hours prior to the commencement of the Applicant&rsquo;s party&rsquo;s stay at the Property, the Donor contact the Applicant to remind the Applicant about the details of the booking and ask the Applicant to give a final confirmation of his or her intention to stay at the Property for the agreed period of the booking.</li>\r\n<li>The Applicant will provide credit/debit card details to the Donor or provide a cheque made payable to the Donor for the sum of &pound;100 on making a booking.</li>\r\n<li>The Donor may charge the Late Cancellation Fee in the event of a Late Cancellation.</li>\r\n<li>The Donor acknowledges that most damage to the Property is regarded as ordinary wear and tear and that repairs will be carried out by the Donor&rsquo;s management without any recourse to Give Us Time or the Applicant.</li>\r\n<li>Accidental damage will not be charged to the Applicant.</li>\r\n</ol>\r\n<h1>&nbsp;</h1>\r\n<h1>3 LATE CANCELLATION FEE</h1>\r\n<h1>&nbsp;</h1>\r\n<h1>4 BREAKAGES</h1>\r\n<h1>&nbsp;</h1>\r\n<h1>5 INSURANCE</h1>\r\n<p>The Donor shall for so long as it is a party to these Conditions, maintain in force at its own expense insurance to cover the Property and its contents, and any other insurance as required by Applicable Laws. Give Us Time reserves the right to inspect such insurance policies at any time on reasonable notice and shall be supplied with the current premium receipt from time to time on demand.</p>\r\n<h1>&nbsp;</h1>\r\n<h1>6 DONOR WARRANTIES</h1>\r\n<p>The Donor represents and warrants that:</p>\r\n<p>(a)&nbsp;&nbsp;&nbsp;&nbsp;&nbsp;&nbsp;&nbsp;&nbsp;&nbsp;&nbsp;&nbsp;&nbsp;&nbsp;&nbsp;&nbsp;The Donor has full title guarantee to the Property;</p>\r\n<p>(b)&nbsp;&nbsp;&nbsp;&nbsp;&nbsp;&nbsp;&nbsp;&nbsp;&nbsp;&nbsp;&nbsp;&nbsp;&nbsp;&nbsp;&nbsp;That there is no restriction on the Donor&rsquo;s ability to make the Donation;</p>\r\n<p>(c)&nbsp;&nbsp;&nbsp;&nbsp;&nbsp;&nbsp;&nbsp;&nbsp;&nbsp;&nbsp;&nbsp;&nbsp;&nbsp;&nbsp;&nbsp;The Property is fit for the purpose of being a holiday let and that the Donor has all relevant permissions under Applicable Law;</p>\r\n<p>(d)&nbsp;&nbsp;&nbsp;&nbsp;&nbsp;&nbsp;&nbsp;&nbsp;&nbsp;&nbsp;&nbsp;&nbsp;&nbsp;&nbsp;&nbsp;The description of the Property is accurate in all respects, and that such information may be provided without recourse to any third party;</p>\r\n<p>(e)&nbsp;&nbsp;&nbsp;&nbsp;&nbsp;&nbsp;&nbsp;&nbsp;&nbsp;&nbsp;&nbsp;&nbsp;&nbsp;&nbsp;&nbsp;The during the period of the Donation, the Donor shall not enter into any contract with any other customer for the use of the Property, unless it has received confirmation of a Late Cancellation or there has been no Provisional Booking for the Property within 2 weeks of the start of the period of the Donation; and</p>\r\n<p>(f)&nbsp;&nbsp;&nbsp;&nbsp;&nbsp;&nbsp;&nbsp;&nbsp;&nbsp;&nbsp;&nbsp;&nbsp;&nbsp;&nbsp;&nbsp;&nbsp;In performing its obligations under these Conditions that it shall comply with all Applicable Laws.</p>\r\n<h1>&nbsp;</h1>\r\n<h1>7 INDEMNITIES</h1>\r\n<p>The Donor shall indemnify Give Us Time from and against all claims, demands, actions, awards, judgments, settlements, costs, expenses, liabilities, damages and losses (including all interest, fines, penalties, management time and legal and other professional costs and expenses) incurred by Give Us Time as a result of or in connection with:</p>\r\n<p>(a)&nbsp;&nbsp;&nbsp;&nbsp;&nbsp;&nbsp;&nbsp;&nbsp;&nbsp;&nbsp;&nbsp;&nbsp;&nbsp;&nbsp;&nbsp;Any claim by any third party in respect of the Property as a result of negligence of or breach by or fraud on behalf of the Donor; and</p>\r\n<p>(b)&nbsp;&nbsp;&nbsp;&nbsp;&nbsp;&nbsp;&nbsp;&nbsp;&nbsp;&nbsp;&nbsp;&nbsp;&nbsp;&nbsp;&nbsp;Breach of any warranty given by the Donor in relation to the Property.</p>\r\n<h1>&nbsp;</h1>\r\n<h1>8 TERMINATION</h1>\r\n<ol start=\"8\">\r\n<li>Either party may terminate these Conditions by giving notice in writing to the other party.</li>\r\n<li>Notice provisions means:\r\n<p><span lang=\"X-NONE\">(a)&nbsp;&nbsp;&nbsp;&nbsp;&nbsp;&nbsp;&nbsp;&nbsp;&nbsp;&nbsp;&nbsp;&nbsp;&nbsp;&nbsp;&nbsp;</span><span lang=\"X-NONE\">1 month if the Property is listed on the Give Us Time website but does not have a Provisional Booking or Confirmed Booking by an Applicant;</span></p>\r\n<p><span lang=\"X-NONE\">(b)&nbsp;&nbsp;&nbsp;&nbsp;&nbsp;&nbsp;&nbsp;&nbsp;&nbsp;&nbsp;&nbsp;&nbsp;&nbsp;&nbsp;&nbsp;</span><span lang=\"X-NONE\">2 months if the Property has a Provisional Booking with an Applicant;</span></p>\r\n<p><span lang=\"X-NONE\">(c)&nbsp;&nbsp;&nbsp;&nbsp;&nbsp;&nbsp;&nbsp;&nbsp;&nbsp;&nbsp;&nbsp;&nbsp;&nbsp;&nbsp;&nbsp;</span><span lang=\"X-NONE\">3 months if the Property has a Confirmed Booking with an Applicant.</span></p>\r\n</li>\r\n<li>If a Donor withdraws the Property from the Donation when an Applicant has a Confirmed Booking and also has other properties which are the subject of a Donation, the Donor will assist Give Us Time to help make alternative arrangements for the Applicant.</li>\r\n<li>Termination shall not affect either of the parties&rsquo; accrued rights or liabilities, or the coming into force or the continuance in force of any provision which is expressly or by implication intended to come into or continue in force on or after such termination.</li>\r\n<li>These Conditions and any non-contractual obligations arising from them will be subject to the laws of England.&nbsp;&nbsp;We will try to solve any disagreements quickly and efficiently. The English courts have exclusive jurisdiction to determinate any dispute arising in connection with the Conditions, including disputes relating to non-contractual obligations.</li>\r\n</ol>\r\n<p>&nbsp;</p>\r\n<p>(a)&nbsp;&nbsp;&nbsp;&nbsp;&nbsp;&nbsp;&nbsp;&nbsp;&nbsp;&nbsp;&nbsp;&nbsp;&nbsp;&nbsp;&nbsp;1 month if the Property is listed on the Give Us Time website but does not have a Provisional Booking or Confirmed Booking by an Applicant;</p>\r\n<p>(b)&nbsp;&nbsp;&nbsp;&nbsp;&nbsp;&nbsp;&nbsp;&nbsp;&nbsp;&nbsp;&nbsp;&nbsp;&nbsp;&nbsp;&nbsp;2 months if the Property has a Provisional Booking with an Applicant;</p>\r\n<p>(c)&nbsp;&nbsp;&nbsp;&nbsp;&nbsp;&nbsp;&nbsp;&nbsp;&nbsp;&nbsp;&nbsp;&nbsp;&nbsp;&nbsp;&nbsp;3 months if the Property has a Confirmed Booking with an Applicant.</p>\r\n<h1>&nbsp;</h1>\r\n<h1>9 APPLICABLE LAW</h1>\r\n<p>&nbsp;</p>\r\n<p><strong>&nbsp;</strong></p>',NULL,NULL,NULL,'2013-10-17 12:56:55','2013-10-17 13:10:45',NULL,NULL),(402,'text',77,2,'<p>This is a sub page</p>',NULL,NULL,NULL,'2013-10-17 16:41:08','2013-10-17 16:41:18',NULL,NULL),(403,'text',78,2,'<p>sdf;o sdjfg ;asug ;oGUw</p>',NULL,NULL,NULL,'2013-10-17 16:58:50','2013-10-17 16:58:55',NULL,NULL),(404,'text',79,2,'<p>During his time as Secretary of State for Defence, Dr Liam Fox MP came to realise that whilst the care for our injured and the bereaved has improved immeasurably over the last decade, there are still some major challenges faced by all servicemen and servicewomen, and their families, whenever they try to reintegrate after those long months apart.</p>\r\n<p>Thousands of soldiers, sailors, airmen and marines return from Afghanistan without a scratch but still find that the lives of their family have moved on without them whilst they&rsquo;ve been away. All too often, this feeling of being &ldquo;spare&rdquo; in the life they used to know, alongside the need to finally reflect on the triumphs and traumas of their operational tour, leads to deep emotion &ndash; and often anger &ndash; that gets in the way of reintegrating with their families.</p>\r\n<p>The power of a good holiday is immeasurable. For the parent left at home it is a break from the single-parenthood that they have coped with so stoically for the last six months. For service personnel, it&rsquo;s an opportunity to spend quality time with their families and to re-establish relationships in a neutral location. The family returns home having re-learnt to live together and reinvigorated after a very difficult time apart.</p>\r\n<p>More importantly still, the serviceman or woman has just put their life on the line defending our nation&rsquo;s interests and the family have been at home living in dread of a knock at the door that could bring heartbreaking news. They deserve a holiday!</p>\r\n<h2>How can I help?</h2>\r\n<p>If you own a timeshare, second home, hotel, apartment block, cruise ship, ski chalet or holiday home &ndash; no matter how big or small, near or far &ndash; we&rsquo;d love you to consider donating whatever spare capacity you have to Give Us Time. We&rsquo;ll make sure that your donation goes to a British soldier, sailor, airman or marine that has just returned from Afghanistan so that they can rehabilitate with their families after a long hard tour.</p>\r\n<p>This website is already set-up to take your donation so please&nbsp;<a href=\"register?type=landlord\">Register</a>&nbsp;online and&nbsp;<a href=\"register?type=landlord\">donate</a>&nbsp;your weeks of spare time.</p>\r\n<p>&nbsp;</p>',NULL,NULL,NULL,'2013-10-17 17:57:18','2013-10-18 08:27:11',NULL,NULL),(405,'arrival_date',80,4,NULL,'2014-05-11 00:00:00',NULL,NULL,'2013-10-18 08:37:07',NULL,NULL,NULL),(406,'departure_date',80,4,NULL,'2014-05-22 00:00:00',NULL,NULL,'2013-10-18 08:37:07',NULL,NULL,NULL),(407,'type',80,8,'2',NULL,NULL,NULL,'2013-10-18 08:37:07',NULL,NULL,NULL),(408,'status',80,7,'available',NULL,NULL,NULL,'2013-10-18 08:37:07',NULL,NULL,NULL),(409,'number_of_bedrooms',80,1,'5',NULL,NULL,NULL,'2013-10-18 08:37:07',NULL,NULL,NULL),(410,'sleeps_number',80,1,'4',NULL,NULL,NULL,'2013-10-18 08:37:07',NULL,NULL,NULL),(411,'property_id',80,7,'68',NULL,NULL,NULL,'2013-10-18 08:37:07',NULL,NULL,NULL),(412,'booked_by',80,7,'',NULL,NULL,NULL,'2013-10-18 08:37:07',NULL,NULL,NULL),(413,'title',80,7,'',NULL,NULL,NULL,'2013-10-18 08:37:08',NULL,NULL,NULL),(414,'slug',80,7,'',NULL,NULL,NULL,'2013-10-18 08:37:08',NULL,NULL,NULL),(415,'text',81,2,NULL,NULL,NULL,NULL,'2013-10-18 10:49:56',NULL,NULL,NULL);
/*!40000 ALTER TABLE `content` ENABLE KEYS */;
UNLOCK TABLES;

--
-- Table structure for table `content_type`
--

DROP TABLE IF EXISTS `content_type`;
/*!40101 SET @saved_cs_client     = @@character_set_client */;
/*!40101 SET character_set_client = utf8 */;
CREATE TABLE `content_type` (
  `id` int(11) NOT NULL AUTO_INCREMENT,
  `name` varchar(140) COLLATE utf8_unicode_ci NOT NULL,
  `date_created` datetime NOT NULL,
  `date_updated` datetime DEFAULT NULL,
  `date_active` datetime DEFAULT NULL,
  `date_deleted` datetime DEFAULT NULL,
  PRIMARY KEY (`id`)
) ENGINE=InnoDB AUTO_INCREMENT=9 DEFAULT CHARSET=utf8 COLLATE=utf8_unicode_ci;
/*!40101 SET character_set_client = @saved_cs_client */;

--
-- Dumping data for table `content_type`
--

LOCK TABLES `content_type` WRITE;
/*!40000 ALTER TABLE `content_type` DISABLE KEYS */;
INSERT INTO `content_type` VALUES (1,'singleline','2013-09-05 12:06:47','2013-09-05 12:06:47','2013-09-05 12:06:47',NULL),(2,'html','2013-09-05 12:06:47','2013-09-05 12:06:47','2013-09-05 12:06:47',NULL),(3,'file','2013-09-05 12:07:24','2013-09-05 12:07:24','2013-09-05 12:07:24',NULL),(4,'date','2013-09-05 12:07:24','2013-09-05 12:07:24','2013-09-05 12:07:24',NULL),(5,'boolean','2013-09-05 12:07:37','2013-09-05 12:07:37','2013-09-05 12:07:37',NULL),(6,'multiline','2013-09-05 12:07:37','2013-09-05 12:07:37',NULL,NULL),(7,'hidden','2013-10-15 10:00:00',NULL,NULL,NULL),(8,'list','2013-10-15 10:00:00',NULL,NULL,NULL);
/*!40000 ALTER TABLE `content_type` ENABLE KEYS */;
UNLOCK TABLES;

--
-- Table structure for table `messages`
--

DROP TABLE IF EXISTS `messages`;
/*!40101 SET @saved_cs_client     = @@character_set_client */;
/*!40101 SET character_set_client = utf8 */;
CREATE TABLE `messages` (
  `id` int(11) unsigned NOT NULL AUTO_INCREMENT,
  PRIMARY KEY (`id`)
) ENGINE=InnoDB DEFAULT CHARSET=utf8 COLLATE=utf8_unicode_ci;
/*!40101 SET character_set_client = @saved_cs_client */;

--
-- Dumping data for table `messages`
--

LOCK TABLES `messages` WRITE;
/*!40000 ALTER TABLE `messages` DISABLE KEYS */;
/*!40000 ALTER TABLE `messages` ENABLE KEYS */;
UNLOCK TABLES;

--
-- Table structure for table `old_link`
--

DROP TABLE IF EXISTS `old_link`;
/*!40101 SET @saved_cs_client     = @@character_set_client */;
/*!40101 SET character_set_client = utf8 */;
CREATE TABLE `old_link` (
  `id` int(10) unsigned NOT NULL AUTO_INCREMENT,
  `page_id` int(10) unsigned NOT NULL,
  `link` text COLLATE utf8_unicode_ci NOT NULL,
  PRIMARY KEY (`id`),
  KEY `page_id` (`page_id`) USING BTREE,
  CONSTRAINT `redirect` FOREIGN KEY (`page_id`) REFERENCES `page` (`id`) ON DELETE CASCADE ON UPDATE CASCADE
) ENGINE=InnoDB AUTO_INCREMENT=2 DEFAULT CHARSET=utf8 COLLATE=utf8_unicode_ci;
/*!40101 SET character_set_client = @saved_cs_client */;

--
-- Dumping data for table `old_link`
--

LOCK TABLES `old_link` WRITE;
/*!40000 ALTER TABLE `old_link` DISABLE KEYS */;
INSERT INTO `old_link` VALUES (1,97,'termsandconditions');
/*!40000 ALTER TABLE `old_link` ENABLE KEYS */;
UNLOCK TABLES;

--
-- Table structure for table `page`
--

DROP TABLE IF EXISTS `page`;
/*!40101 SET @saved_cs_client     = @@character_set_client */;
/*!40101 SET character_set_client = utf8 */;
CREATE TABLE `page` (
  `id` int(11) unsigned NOT NULL AUTO_INCREMENT,
  `parent_id` int(11) unsigned DEFAULT NULL,
  `depth` int(11) NOT NULL DEFAULT '1',
  `lft` int(11) NOT NULL,
  `rgt` int(11) NOT NULL,
  `name` varchar(128) COLLATE utf8_unicode_ci NOT NULL,
  `target` varchar(10) COLLATE utf8_unicode_ci DEFAULT NULL,
  `window_title` text COLLATE utf8_unicode_ci NOT NULL,
  `meta_description` text COLLATE utf8_unicode_ci,
  `meta_keywords` text COLLATE utf8_unicode_ci,
  `link` text COLLATE utf8_unicode_ci NOT NULL,
  `role` enum('all','guest','subscriber','user') COLLATE utf8_unicode_ci NOT NULL DEFAULT 'all',
  `layout` varchar(128) COLLATE utf8_unicode_ci NOT NULL,
  `date_created` datetime NOT NULL,
  `date_updated` datetime DEFAULT NULL,
  `date_active` datetime DEFAULT NULL,
  `date_visible` datetime DEFAULT NULL,
  `date_subpages` datetime DEFAULT NULL,
  PRIMARY KEY (`id`),
  KEY `parent_id` (`parent_id`) USING BTREE,
  CONSTRAINT `parent` FOREIGN KEY (`parent_id`) REFERENCES `page` (`id`) ON DELETE CASCADE ON UPDATE CASCADE
) ENGINE=InnoDB AUTO_INCREMENT=106 DEFAULT CHARSET=utf8 COLLATE=utf8_unicode_ci;
/*!40101 SET character_set_client = @saved_cs_client */;

--
-- Dumping data for table `page`
--

LOCK TABLES `page` WRITE;
/*!40000 ALTER TABLE `page` DISABLE KEYS */;
INSERT INTO `page` VALUES (82,NULL,1,2,3,'Home',NULL,'Home','The new fridge home page.','new,fridge,home,page,example,template','/','all','home','2013-09-05 11:20:36','2013-10-17 17:57:14','2013-09-05 11:20:36','2013-09-10 10:11:01',NULL),(84,NULL,1,14,15,'Login',NULL,'Login','','','/login','guest','default','2013-09-09 14:53:54','2013-10-17 17:57:14','2013-09-09 15:25:54','2013-09-09 14:53:54',NULL),(86,NULL,1,18,19,'Register',NULL,'Register','','','/register','guest','default','2013-09-09 16:06:29','2013-10-17 17:57:14','2013-09-09 16:06:29','2013-09-09 16:06:29',NULL),(88,NULL,1,16,17,'Logout',NULL,'Logout','','','/logout','user','default','2013-09-10 15:09:27','2013-10-17 17:57:14','2013-09-10 15:09:27',NULL,NULL),(91,NULL,1,6,7,'FAQs',NULL,'Frequently Asked Questions','','','faq','all','2col','2013-10-02 15:36:56','2013-10-17 17:57:14','2013-10-02 15:36:56','2013-10-02 15:36:56','2013-10-02 15:36:56'),(92,NULL,1,8,9,'News',NULL,'News',NULL,NULL,'news','all','news','2013-10-02 15:38:16','2013-10-17 17:57:14','2013-10-02 15:38:16','2013-10-02 15:38:16',NULL),(94,NULL,1,10,11,'Holiday Stories',NULL,'Holiday Stories','','','holiday-stories','all','2col','2013-10-02 16:20:20','2013-10-17 17:57:14','2013-10-02 16:20:20','2013-10-02 16:20:20',NULL),(95,NULL,1,12,13,'Contact Us',NULL,'Contact Us','','','contact_us','all','2col','2013-10-02 16:21:37','2013-10-17 17:57:14','2013-10-02 16:21:37','2013-10-02 16:21:37',NULL),(96,NULL,1,20,21,'Search',NULL,'Search Results','','','search','user','search','2013-10-16 15:09:18','2013-10-17 17:57:14','2013-10-16 15:09:18','2013-10-16 15:09:18',NULL),(97,NULL,1,22,23,'User Terms & Conditions',NULL,'Terms and Conditions','','','usertermsandconditions','all','2col','2013-10-17 12:50:57','2013-10-17 17:57:14','2013-10-17 12:50:57','2013-10-17 12:50:57',NULL),(98,NULL,1,24,25,'Time Donor Terms & Conditions',NULL,'Time Donor Terms and Conditions','','','timedonortermsconditions','all','2col','2013-10-17 12:56:50','2013-10-17 17:57:14','2013-10-17 12:56:50','2013-10-17 12:56:50',NULL),(102,NULL,1,4,5,'About Us',NULL,'About Us','','','about-us','all','2col','2013-10-17 17:56:54','2013-10-17 17:57:14','2013-10-17 17:56:54','2013-10-17 17:56:54',NULL),(103,NULL,1,26,27,'Properties',NULL,'Properties','','','properties','all','properties','2013-10-18 09:22:47',NULL,'2013-10-18 09:22:47','2013-10-18 09:22:47',NULL),(104,NULL,1,28,29,'Welcome before registration - Users',NULL,'Welcome to Give Us Time','','','Welcome-user','all','2col','2013-10-18 10:49:44','2013-10-18 10:52:46','2013-10-18 10:49:44','2013-10-18 10:49:44',NULL),(105,NULL,1,30,31,'Welcome before registration - Time Donors',NULL,'Welcome to Give Us Time','','','welcome-timedonor','all','2col','2013-10-18 10:52:17',NULL,'2013-10-18 10:52:17','2013-10-18 10:52:17',NULL);
/*!40000 ALTER TABLE `page` ENABLE KEYS */;
UNLOCK TABLES;

--
-- Table structure for table `page_menu`
--

DROP TABLE IF EXISTS `page_menu`;
/*!40101 SET @saved_cs_client     = @@character_set_client */;
/*!40101 SET character_set_client = utf8 */;
CREATE TABLE `page_menu` (
  `id` int(11) NOT NULL AUTO_INCREMENT,
  `page_id` int(11) unsigned NOT NULL,
  `menu_id` int(11) unsigned NOT NULL,
  PRIMARY KEY (`id`),
  KEY `page_id` (`page_id`) USING BTREE,
  CONSTRAINT `page` FOREIGN KEY (`page_id`) REFERENCES `page` (`id`) ON DELETE CASCADE ON UPDATE CASCADE
) ENGINE=InnoDB AUTO_INCREMENT=45 DEFAULT CHARSET=utf8 COLLATE=utf8_unicode_ci;
/*!40101 SET character_set_client = @saved_cs_client */;

--
-- Dumping data for table `page_menu`
--

LOCK TABLES `page_menu` WRITE;
/*!40000 ALTER TABLE `page_menu` DISABLE KEYS */;
INSERT INTO `page_menu` VALUES (24,82,1),(33,91,1),(34,92,1),(35,94,1),(36,95,1),(37,97,2),(38,98,2),(44,102,1);
/*!40000 ALTER TABLE `page_menu` ENABLE KEYS */;
UNLOCK TABLES;

--
-- Table structure for table `user`
--

DROP TABLE IF EXISTS `user`;
/*!40101 SET @saved_cs_client     = @@character_set_client */;
/*!40101 SET character_set_client = utf8 */;
CREATE TABLE `user` (
  `id` int(11) NOT NULL AUTO_INCREMENT,
  `email` varchar(140) COLLATE utf8_unicode_ci NOT NULL,
  `old_email` varchar(140) COLLATE utf8_unicode_ci DEFAULT NULL,
  `password` varchar(60) COLLATE utf8_unicode_ci NOT NULL,
  `role` enum('subscriber','user','landlord','editor','admin') COLLATE utf8_unicode_ci NOT NULL,
  `username` varchar(40) COLLATE utf8_unicode_ci NOT NULL,
  `title` varchar(10) COLLATE utf8_unicode_ci NOT NULL,
  `initial` varchar(5) COLLATE utf8_unicode_ci NOT NULL,
  `firstname` varchar(140) COLLATE utf8_unicode_ci NOT NULL,
  `lastname` varchar(140) COLLATE utf8_unicode_ci NOT NULL,
  `address1` varchar(255) COLLATE utf8_unicode_ci NOT NULL,
  `address2` varchar(255) COLLATE utf8_unicode_ci NOT NULL,
  `area` varchar(255) COLLATE utf8_unicode_ci NOT NULL,
  `city` varchar(255) COLLATE utf8_unicode_ci NOT NULL,
  `county` varchar(255) COLLATE utf8_unicode_ci NOT NULL,
  `postcode` varchar(15) COLLATE utf8_unicode_ci NOT NULL,
  `country` varchar(60) COLLATE utf8_unicode_ci NOT NULL,
  `phone_number` varchar(20) COLLATE utf8_unicode_ci NOT NULL,
  `personnel_type` varchar(100) COLLATE utf8_unicode_ci NOT NULL,
  `personnel_rank` varchar(100) COLLATE utf8_unicode_ci NOT NULL,
  `personnel_service_number` varchar(100) COLLATE utf8_unicode_ci NOT NULL,
  `personnel_unit` varchar(100) COLLATE utf8_unicode_ci NOT NULL,
  `accessibility` text COLLATE utf8_unicode_ci NOT NULL,
  `date_terms_agreed` datetime NOT NULL,
  `date_updated` datetime DEFAULT NULL,
  `date_last_login` datetime DEFAULT NULL,
  `date_created` datetime NOT NULL,
  `date_validation_email_sent` datetime DEFAULT NULL,
  `activation_code` varchar(32) COLLATE utf8_unicode_ci DEFAULT NULL,
  `date_email_validated` datetime DEFAULT NULL,
  `date_account_expire` datetime DEFAULT NULL,
  `date_revert` datetime DEFAULT NULL,
  `date_reset` datetime DEFAULT NULL,
  `date_deleted` datetime DEFAULT NULL,
  `reset_code` varchar(32) COLLATE utf8_unicode_ci NOT NULL,
  `revert_code` varchar(32) COLLATE utf8_unicode_ci NOT NULL,
  PRIMARY KEY (`id`),
  KEY `email` (`email`)
) ENGINE=InnoDB AUTO_INCREMENT=51 DEFAULT CHARSET=utf8 COLLATE=utf8_unicode_ci;
/*!40101 SET character_set_client = @saved_cs_client */;

--
-- Dumping data for table `user`
--

LOCK TABLES `user` WRITE;
/*!40000 ALTER TABLE `user` DISABLE KEYS */;
INSERT INTO `user` VALUES (38,'admin@giveustime.org.uk',NULL,'$2a$08$MztAbFdWk.iYzPWgQ8YZ5.sg64Wt1iD.k4dcgRzeRPFy3.8./LpLa','admin','admin','MR','A','Admin','User','Test','test','test','test','test','test','test','0117',' ',' ',' ',' ',' ','2013-10-16 00:00:00','2013-10-18 11:19:09','2013-10-18 11:19:09','2013-10-16 00:00:00','2013-10-16 00:00:00',NULL,'2013-10-16 00:00:00',NULL,NULL,NULL,NULL,'100','100'),(39,'robin@fanaticdesign.co.uk',NULL,'$2a$08$demRry8RMQTp79hOLZfFg.wgem4FrxHBZTpF1em.6BxViMBDqzcyG','landlord','','','','Robin','Cox','123 ','123 street','123ish','Bristol','Avon','BS4 4HK','England','012 34 56 78 101','','','','','','2013-10-16 15:56:27','2013-10-17 17:03:50',NULL,'2013-10-16 15:56:27','2013-10-16 15:56:27',NULL,'2013-10-16 15:57:20',NULL,NULL,NULL,'2013-10-17 17:03:50','','3ad69a780666576f18fc4f48e4590709'),(42,'holly@fanaticdesign.co.uk',NULL,'$2a$08$cvNCKnpmUmCRINx2ghXhTeTzhwA6cxikKL.Uxak22v6S3noZXOM2i','landlord','','','','holly','baynton','loft 3','tobacco factory','bedminster','bristol','bristol','bs3 1tf','uk','01179532003','','','','','','2013-10-16 16:13:10','2013-10-18 09:03:29','2013-10-18 09:03:29','2013-10-16 16:13:10','2013-10-16 16:13:10',NULL,'2013-10-16 16:14:19',NULL,NULL,NULL,NULL,'',''),(43,'holly.baynton@gmail.com',NULL,'$2a$08$YC97KavWE9IgopHfsJgdx.zbE9RLYyCbNU4yv3YG6kJODnQThq5aC','user','','Miss','H','','Baynton','','','','','','','','0117 9532003','serving','Able Seaman','23232323','big ship in sea','None','2013-10-16 16:37:04','2013-10-18 08:23:37','2013-10-18 08:23:37','2013-10-16 16:37:04','2013-10-16 16:37:04',NULL,'2013-10-16 16:37:22',NULL,NULL,NULL,NULL,'',''),(45,'hay.karen@sky.com',NULL,'$2a$08$P2cJScsnKCg3.zmq771fcePguVfViKnhpxCmCEyz24NbGAy/AStUK','user','','Mr','I','','Hay','','','','','','','','07973 183360','serving','Colour Sergeant','18445678','Cattrick','','2013-10-17 15:59:08','2013-10-18 09:08:09','2013-10-18 09:08:09','2013-10-17 15:59:08','2013-10-17 15:59:08',NULL,'2013-10-17 16:04:05',NULL,NULL,NULL,NULL,'',''),(48,'elizabethnichol@outlook.com',NULL,'$2a$08$PyaZ/l6bw1bWJ85cDaxqqemCTAbGF0ktwFREA7cgLnI/jl1DjgomG','user','','mr','p','','smith','','','','','','','','01234 567890','serving','Airman','123456','eagle','','2013-10-18 09:10:14',NULL,NULL,'2013-10-18 09:10:14','2013-10-18 09:10:14','a2cdf8019e986ff4b05f1c5aa9d02c15',NULL,NULL,NULL,NULL,NULL,'',''),(49,'jackstowey@gmail.com',NULL,'$2a$08$fBOMMHKRZTznEml1QQle6O4t8TS3LAQLsU03nNHYuzv8kTtBXT1hq','landlord','','','','Jack','Stowey','','','','','','','','1234','','','','','','2013-10-18 09:14:44','2013-10-18 09:24:17','2013-10-18 09:24:17','2013-10-18 09:14:44','2013-10-18 09:14:44',NULL,'2013-10-18 09:14:55',NULL,NULL,NULL,NULL,'',''),(50,'wizbob@hotmail.com',NULL,'$2a$08$3y3lcsgcRSqt.HqpKiMat.w91f9g3zxsV7RQCB5gDqtBqkkROflSO','landlord','','','','lizzy','nichol','','','','','','','','01234 567890','','','','','','2013-10-18 09:22:11','2013-10-18 09:26:51','2013-10-18 09:26:51','2013-10-18 09:22:11','2013-10-18 09:22:11',NULL,'2013-10-18 09:23:43',NULL,NULL,NULL,NULL,'','');
/*!40000 ALTER TABLE `user` ENABLE KEYS */;
UNLOCK TABLES;

--
-- Dumping events for database 'give_us_time'
--

--
-- Dumping routines for database 'give_us_time'
--
/*!40103 SET TIME_ZONE=@OLD_TIME_ZONE */;

/*!40101 SET SQL_MODE=@OLD_SQL_MODE */;
/*!40014 SET FOREIGN_KEY_CHECKS=@OLD_FOREIGN_KEY_CHECKS */;
/*!40014 SET UNIQUE_CHECKS=@OLD_UNIQUE_CHECKS */;
/*!40101 SET CHARACTER_SET_CLIENT=@OLD_CHARACTER_SET_CLIENT */;
/*!40101 SET CHARACTER_SET_RESULTS=@OLD_CHARACTER_SET_RESULTS */;
/*!40101 SET COLLATION_CONNECTION=@OLD_COLLATION_CONNECTION */;
/*!40111 SET SQL_NOTES=@OLD_SQL_NOTES */;

-- Dump completed on 2013-10-18 11:41:07
